合约,交易日,开始时间,结束时间,最高价,开盘价,最低价,收盘价,成交量,成交额,持仓量,昨收价
MA104,2020/04/21,2020/04/21 09:00:00,2020/04/21 09:01:00,1821.0,1821.0,1821.0,1821.0,0.0,0.0,0.0,1821.0
MA104,2020/04/21,2020/04/21 09:01:00,2020/04/21 09:02:00,1821.0,1821.0,1821.0,1821.0,0.0,0.0,0.0,1821.0
MA104,2020/04/21,2020/04/21 09:02:00,2020/04/21 09:03:00,1821.0,1821.0,1821.0,1821.0,0.0,0.0,0.0,1821.0
MA104,2020/04/21,2020/04/21 09:03:00,2020/04/21 09:04:00,1821.0,1821.0,1821.0,1821.0,0.0,0.0,0.0,1821.0
MA104,2020/04/21,2020/04/21 09:04:00,2020/04/21 09:05:00,1821.0,1821.0,1821.0,1821.0,0.0,0.0,0.0,1821.0
MA104,2020/04/21,2020/04/21 09:05:00,2020/04/21 09:06:00,1821.0,1821.0,1821.0,1821.0,0.0,0.0,0.0,1821.0
MA104,2020/04/21,2020/04/21 09:06:00,2020/04/21 09:07:00,1821.0,1821.0,1821.0,1821.0,0.0,0.0,0.0,1821.0
MA104,2020/04/21,2020/04/21 09:07:00,2020/04/21 09:08:00,1821.0,1821.0,1821.0,1821.0,0.0,0.0,0.0,1821.0
MA104,2020/04/21,2020/04/21 09:08:00,2020/04/21 09:09:00,1821.0,1821.0,1821.0,1821.0,0.0,0.0,0.0,1821.0
MA104,2020/04/21,2020/04/21 09:09:00,2020/04/21 09:10:00,1821.0,1821.0,1821.0,1821.0,0.0,0.0,0.0,1821.0
MA104,2020/04/21,2020/04/21 09:10:00,2020/04/21 09:11:00,1821.0,1821.0,1821.0,1821.0,0.0,0.0,0.0,1821.0
MA104,2020/04/21,2020/04/21 09:11:00,2020/04/21 09:12:00,1821.0,1821.0,1821.0,1821.0,0.0,0.0,0.0,1821.0
MA104,2020/04/21,2020/04/21 09:12:00,2020/04/21 09:13:00,1821.0,1821.0,1821.0,1821.0,0.0,0.0,0.0,1821.0
MA104,2020/04/21,2020/04/21 09:13:00,2020/04/21 09:14:00,1821.0,1821.0,1821.0,1821.0,0.0,0.0,0.0,1821.0
MA104,2020/04/21,2020/04/21 09:14:00,2020/04/21 09:15:00,1821.0,1821.0,1821.0,1821.0,0.0,0.0,0.0,1821.0
MA104,2020/04/21,2020/04/21 09:15:00,2020/04/21 09:16:00,1821.0,1821.0,1821.0,1821.0,0.0,0.0,0.0,1821.0
MA104,2020/04/21,2020/04/21 09:16:00,2020/04/21 09:17:00,1821.0,1821.0,1821.0,1821.0,0.0,0.0,0.0,1821.0
MA104,2020/04/21,2020/04/21 09:17:00,2020/04/21 09:18:00,1821.0,1821.0,1821.0,1821.0,0.0,0.0,0.0,1821.0
MA104,2020/04/21,2020/04/21 09:18:00,2020/04/21 09:19:00,1821.0,1821.0,1821.0,1821.0,0.0,0.0,0.0,1821.0
MA104,2020/04/21,2020/04/21 09:19:00,2020/04/21 09:20:00,1821.0,1821.0,1821.0,1821.0,0.0,0.0,0.0,1821.0
MA104,2020/04/21,2020/04/21 09:20:00,2020/04/21 09:21:00,1821.0,1821.0,1821.0,1821.0,0.0,0.0,0.0,1821.0
MA104,2020/04/21,2020/04/21 09:21:00,2020/04/21 09:22:00,1821.0,1821.0,1821.0,1821.0,0.0,0.0,0.0,1821.0
MA104,2020/04/21,2020/04/21 09:22:00,2020/04/21 09:23:00,1821.0,1821.0,1821.0,1821.0,0.0,0.0,0.0,1821.0
MA104,2020/04/21,2020/04/21 09:23:00,2020/04/21 09:24:00,1821.0,1821.0,1821.0,1821.0,0.0,0.0,0.0,1821.0
MA104,2020/04/21,2020/04/21 09:24:00,2020/04/21 09:25:00,1821.0,1821.0,1821.0,1821.0,0.0,0.0,0.0,1821.0
MA104,2020/04/21,2020/04/21 09:25:00,2020/04/21 09:26:00,1821.0,1821.0,1821.0,1821.0,0.0,0.0,0.0,1821.0
MA104,2020/04/21,2020/04/21 09:26:00,2020/04/21 09:27:00,1821.0,1821.0,1821.0,1821.0,0.0,0.0,0.0,1821.0
MA104,2020/04/21,2020/04/21 09:27:00,2020/04/21 09:28:00,1821.0,1821.0,1821.0,1821.0,0.0,0.0,0.0,1821.0
MA104,2020/04/21,2020/04/21 09:28:00,2020/04/21 09:29:00,1821.0,1821.0,1821.0,1821.0,0.0,0.0,0.0,1821.0
MA104,2020/04/21,2020/04/21 09:29:00,2020/04/21 09:30:00,1821.0,1821.0,1821.0,1821.0,0.0,0.0,0.0,1821.0
MA104,2020/04/21,2020/04/21 09:30:00,2020/04/21 09:31:00,1821.0,1821.0,1821.0,1821.0,0.0,0.0,0.0,1821.0
MA104,2020/04/21,2020/04/21 09:31:00,2020/04/21 09:32:00,1821.0,1821.0,1821.0,1821.0,0.0,0.0,0.0,1821.0
MA104,2020/04/21,2020/04/21 09:32:00,2020/04/21 09:33:00,1821.0,1821.0,1821.0,1821.0,0.0,0.0,0.0,1821.0
MA104,2020/04/21,2020/04/21 09:33:00,2020/04/21 09:34:00,1821.0,1821.0,1821.0,1821.0,0.0,0.0,0.0,1821.0
MA104,2020/04/21,2020/04/21 09:34:00,2020/04/21 09:35:00,1821.0,1821.0,1821.0,1821.0,0.0,0.0,0.0,1821.0
MA104,2020/04/21,2020/04/21 09:35:00,2020/04/21 09:36:00,1821.0,1821.0,1821.0,1821.0,0.0,0.0,0.0,1821.0
MA104,2020/04/21,2020/04/21 09:36:00,2020/04/21 09:37:00,1821.0,1821.0,1821.0,1821.0,0.0,0.0,0.0,1821.0
MA104,2020/04/21,2020/04/21 09:37:00,2020/04/21 09:38:00,1821.0,1821.0,1821.0,1821.0,0.0,0.0,0.0,1821.0
MA104,2020/04/21,2020/04/21 09:38:00,2020/04/21 09:39:00,1821.0,1821.0,1821.0,1821.0,0.0,0.0,0.0,1821.0
MA104,2020/04/21,2020/04/21 09:39:00,2020/04/21 09:40:00,1821.0,1821.0,1821.0,1821.0,0.0,0.0,0.0,1821.0
MA104,2020/04/21,2020/04/21 09:40:00,2020/04/21 09:41:00,1821.0,1821.0,1821.0,1821.0,0.0,0.0,0.0,1821.0
MA104,2020/04/21,2020/04/21 09:41:00,2020/04/21 09:42:00,1821.0,1821.0,1821.0,1821.0,0.0,0.0,0.0,1821.0
MA104,2020/04/21,2020/04/21 09:42:00,2020/04/21 09:43:00,1821.0,1821.0,1821.0,1821.0,0.0,0.0,0.0,1821.0
MA104,2020/04/21,2020/04/21 09:43:00,2020/04/21 09:44:00,1821.0,1821.0,1821.0,1821.0,0.0,0.0,0.0,1821.0
MA104,2020/04/21,2020/04/21 09:44:00,2020/04/21 09:45:00,1821.0,1821.0,1821.0,1821.0,0.0,0.0,0.0,1821.0
MA104,2020/04/21,2020/04/21 09:45:00,2020/04/21 09:46:00,1821.0,1821.0,1821.0,1821.0,0.0,0.0,0.0,1821.0
MA104,2020/04/21,2020/04/21 09:46:00,2020/04/21 09:47:00,1821.0,1821.0,1821.0,1821.0,0.0,0.0,0.0,1821.0
MA104,2020/04/21,2020/04/21 09:47:00,2020/04/21 09:48:00,1821.0,1821.0,1821.0,1821.0,0.0,0.0,0.0,1821.0
MA104,2020/04/21,2020/04/21 09:48:00,2020/04/21 09:49:00,1821.0,1821.0,1821.0,1821.0,0.0,0.0,0.0,1821.0
MA104,2020/04/21,2020/04/21 09:49:00,2020/04/21 09:50:00,1821.0,1821.0,1821.0,1821.0,0.0,0.0,0.0,1821.0
MA104,2020/04/21,2020/04/21 09:50:00,2020/04/21 09:51:00,1821.0,1821.0,1821.0,1821.0,0.0,0.0,0.0,1821.0
MA104,2020/04/21,2020/04/21 09:51:00,2020/04/21 09:52:00,1821.0,1821.0,1821.0,1821.0,0.0,0.0,0.0,1821.0
MA104,2020/04/21,2020/04/21 09:52:00,2020/04/21 09:53:00,1821.0,1821.0,1821.0,1821.0,0.0,0.0,0.0,1821.0
MA104,2020/04/21,2020/04/21 09:53:00,2020/04/21 09:54:00,1821.0,1821.0,1821.0,1821.0,0.0,0.0,0.0,1821.0
MA104,2020/04/21,2020/04/21 09:54:00,2020/04/21 09:55:00,1821.0,1821.0,1821.0,1821.0,0.0,0.0,0.0,1821.0
MA104,2020/04/21,2020/04/21 09:55:00,2020/04/21 09:56:00,1821.0,1821.0,1821.0,1821.0,0.0,0.0,0.0,1821.0
MA104,2020/04/21,2020/04/21 09:56:00,2020/04/21 09:57:00,1821.0,1821.0,1821.0,1821.0,0.0,0.0,0.0,1821.0
MA104,2020/04/21,2020/04/21 09:57:00,2020/04/21 09:58:00,1821.0,1821.0,1821.0,1821.0,0.0,0.0,0.0,1821.0
MA104,2020/04/21,2020/04/21 09:58:00,2020/04/21 09:59:00,1821.0,1821.0,1821.0,1821.0,0.0,0.0,0.0,1821.0
MA104,2020/04/21,2020/04/21 09:59:00,2020/04/21 10:00:00,1821.0,1821.0,1821.0,1821.0,0.0,0.0,0.0,1821.0
MA104,2020/04/21,2020/04/21 10:00:00,2020/04/21 10:01:00,1821.0,1821.0,1821.0,1821.0,0.0,0.0,0.0,1821.0
MA104,2020/04/21,2020/04/21 10:01:00,2020/04/21 10:02:00,1821.0,1821.0,1821.0,1821.0,0.0,0.0,0.0,1821.0
MA104,2020/04/21,2020/04/21 10:02:00,2020/04/21 10:03:00,1821.0,1821.0,1821.0,1821.0,0.0,0.0,0.0,1821.0
MA104,2020/04/21,2020/04/21 10:03:00,2020/04/21 10:04:00,1821.0,1821.0,1821.0,1821.0,0.0,0.0,0.0,1821.0
MA104,2020/04/21,2020/04/21 10:04:00,2020/04/21 10:05:00,1821.0,1821.0,1821.0,1821.0,0.0,0.0,0.0,1821.0
MA104,2020/04/21,2020/04/21 10:05:00,2020/04/21 10:06:00,1821.0,1821.0,1821.0,1821.0,0.0,0.0,0.0,1821.0
MA104,2020/04/21,2020/04/21 10:06:00,2020/04/21 10:07:00,1821.0,1821.0,1821.0,1821.0,0.0,0.0,0.0,1821.0
MA104,2020/04/21,2020/04/21 10:07:00,2020/04/21 10:08:00,1821.0,1821.0,1821.0,1821.0,0.0,0.0,0.0,1821.0
MA104,2020/04/21,2020/04/21 10:08:00,2020/04/21 10:09:00,1821.0,1821.0,1821.0,1821.0,0.0,0.0,0.0,1821.0
MA104,2020/04/21,2020/04/21 10:09:00,2020/04/21 10:10:00,1821.0,1821.0,1821.0,1821.0,0.0,0.0,0.0,1821.0
MA104,2020/04/21,2020/04/21 10:10:00,2020/04/21 10:11:00,1821.0,1821.0,1821.0,1821.0,0.0,0.0,0.0,1821.0
MA104,2020/04/21,2020/04/21 10:11:00,2020/04/21 10:12:00,1821.0,1821.0,1821.0,1821.0,0.0,0.0,0.0,1821.0
MA104,2020/04/21,2020/04/21 10:12:00,2020/04/21 10:13:00,1821.0,1821.0,1821.0,1821.0,0.0,0.0,0.0,1821.0
MA104,2020/04/21,2020/04/21 10:13:00,2020/04/21 10:14:00,1821.0,1821.0,1821.0,1821.0,0.0,0.0,0.0,1821.0
MA104,2020/04/21,2020/04/21 10:14:00,2020/04/21 10:15:00,1821.0,1821.0,1821.0,1821.0,0.0,0.0,0.0,1821.0
MA104,2020/04/21,2020/04/21 10:30:00,2020/04/21 10:31:00,1821.0,1821.0,1821.0,1821.0,0.0,0.0,0.0,1821.0
MA104,2020/04/21,2020/04/21 10:31:00,2020/04/21 10:32:00,1821.0,1821.0,1821.0,1821.0,0.0,0.0,0.0,1821.0
MA104,2020/04/21,2020/04/21 10:32:00,2020/04/21 10:33:00,1821.0,1821.0,1821.0,1821.0,0.0,0.0,0.0,1821.0
MA104,2020/04/21,2020/04/21 10:33:00,2020/04/21 10:34:00,1821.0,1821.0,1821.0,1821.0,0.0,0.0,0.0,1821.0
MA104,2020/04/21,2020/04/21 10:34:00,2020/04/21 10:35:00,1821.0,1821.0,1821.0,1821.0,0.0,0.0,0.0,1821.0
MA104,2020/04/21,2020/04/21 10:35:00,2020/04/21 10:36:00,1821.0,1821.0,1821.0,1821.0,0.0,0.0,0.0,1821.0
MA104,2020/04/21,2020/04/21 10:36:00,2020/04/21 10:37:00,1821.0,1821.0,1821.0,1821.0,0.0,0.0,0.0,1821.0
MA104,2020/04/21,2020/04/21 10:37:00,2020/04/21 10:38:00,1821.0,1821.0,1821.0,1821.0,0.0,0.0,0.0,1821.0
MA104,2020/04/21,2020/04/21 10:38:00,2020/04/21 10:39:00,1821.0,1821.0,1821.0,1821.0,0.0,0.0,0.0,1821.0
MA104,2020/04/21,2020/04/21 10:39:00,2020/04/21 10:40:00,1821.0,1821.0,1821.0,1821.0,0.0,0.0,0.0,1821.0
MA104,2020/04/21,2020/04/21 10:40:00,2020/04/21 10:41:00,1821.0,1821.0,1821.0,1821.0,0.0,0.0,0.0,1821.0
MA104,2020/04/21,2020/04/21 10:41:00,2020/04/21 10:42:00,1821.0,1821.0,1821.0,1821.0,0.0,0.0,0.0,1821.0
MA104,2020/04/21,2020/04/21 10:42:00,2020/04/21 10:43:00,1821.0,1821.0,1821.0,1821.0,0.0,0.0,0.0,1821.0
MA104,2020/04/21,2020/04/21 10:43:00,2020/04/21 10:44:00,1821.0,1821.0,1821.0,1821.0,0.0,0.0,0.0,1821.0
MA104,2020/04/21,2020/04/21 10:44:00,2020/04/21 10:45:00,1821.0,1821.0,1821.0,1821.0,0.0,0.0,0.0,1821.0
MA104,2020/04/21,2020/04/21 10:45:00,2020/04/21 10:46:00,1821.0,1821.0,1821.0,1821.0,0.0,0.0,0.0,1821.0
MA104,2020/04/21,2020/04/21 10:46:00,2020/04/21 10:47:00,1821.0,1821.0,1821.0,1821.0,0.0,0.0,0.0,1821.0
MA104,2020/04/21,2020/04/21 10:47:00,2020/04/21 10:48:00,1821.0,1821.0,1821.0,1821.0,0.0,0.0,0.0,1821.0
MA104,2020/04/21,2020/04/21 10:48:00,2020/04/21 10:49:00,1821.0,1821.0,1821.0,1821.0,0.0,0.0,0.0,1821.0
MA104,2020/04/21,2020/04/21 10:49:00,2020/04/21 10:50:00,1821.0,1821.0,1821.0,1821.0,0.0,0.0,0.0,1821.0
MA104,2020/04/21,2020/04/21 10:50:00,2020/04/21 10:51:00,1821.0,1821.0,1821.0,1821.0,0.0,0.0,0.0,1821.0
MA104,2020/04/21,2020/04/21 10:51:00,2020/04/21 10:52:00,1821.0,1821.0,1821.0,1821.0,0.0,0.0,0.0,1821.0
MA104,2020/04/21,2020/04/21 10:52:00,2020/04/21 10:53:00,1821.0,1821.0,1821.0,1821.0,0.0,0.0,0.0,1821.0
MA104,2020/04/21,2020/04/21 10:53:00,2020/04/21 10:54:00,1821.0,1821.0,1821.0,1821.0,0.0,0.0,0.0,1821.0
MA104,2020/04/21,2020/04/21 10:54:00,2020/04/21 10:55:00,1821.0,1821.0,1821.0,1821.0,0.0,0.0,0.0,1821.0
MA104,2020/04/21,2020/04/21 10:55:00,2020/04/21 10:56:00,1821.0,1821.0,1821.0,1821.0,0.0,0.0,0.0,1821.0
MA104,2020/04/21,2020/04/21 10:56:00,2020/04/21 10:57:00,1821.0,1821.0,1821.0,1821.0,0.0,0.0,0.0,1821.0
MA104,2020/04/21,2020/04/21 10:57:00,2020/04/21 10:58:00,1821.0,1821.0,1821.0,1821.0,0.0,0.0,0.0,1821.0
MA104,2020/04/21,2020/04/21 10:58:00,2020/04/21 10:59:00,1821.0,1821.0,1821.0,1821.0,0.0,0.0,0.0,1821.0
MA104,2020/04/21,2020/04/21 10:59:00,2020/04/21 11:00:00,1821.0,1821.0,1821.0,1821.0,0.0,0.0,0.0,1821.0
MA104,2020/04/21,2020/04/21 11:00:00,2020/04/21 11:01:00,1821.0,1821.0,1821.0,1821.0,0.0,0.0,0.0,1821.0
MA104,2020/04/21,2020/04/21 11:01:00,2020/04/21 11:02:00,1821.0,1821.0,1821.0,1821.0,0.0,0.0,0.0,1821.0
MA104,2020/04/21,2020/04/21 11:02:00,2020/04/21 11:03:00,1821.0,1821.0,1821.0,1821.0,0.0,0.0,0.0,1821.0
MA104,2020/04/21,2020/04/21 11:03:00,2020/04/21 11:04:00,1821.0,1821.0,1821.0,1821.0,0.0,0.0,0.0,1821.0
MA104,2020/04/21,2020/04/21 11:04:00,2020/04/21 11:05:00,1821.0,1821.0,1821.0,1821.0,0.0,0.0,0.0,1821.0
MA104,2020/04/21,2020/04/21 11:05:00,2020/04/21 11:06:00,1821.0,1821.0,1821.0,1821.0,0.0,0.0,0.0,1821.0
MA104,2020/04/21,2020/04/21 11:06:00,2020/04/21 11:07:00,1821.0,1821.0,1821.0,1821.0,0.0,0.0,0.0,1821.0
MA104,2020/04/21,2020/04/21 11:07:00,2020/04/21 11:08:00,1821.0,1821.0,1821.0,1821.0,0.0,0.0,0.0,1821.0
MA104,2020/04/21,2020/04/21 11:08:00,2020/04/21 11:09:00,1821.0,1821.0,1821.0,1821.0,0.0,0.0,0.0,1821.0
MA104,2020/04/21,2020/04/21 11:09:00,2020/04/21 11:10:00,1821.0,1821.0,1821.0,1821.0,0.0,0.0,0.0,1821.0
MA104,2020/04/21,2020/04/21 11:10:00,2020/04/21 11:11:00,1821.0,1821.0,1821.0,1821.0,0.0,0.0,0.0,1821.0
MA104,2020/04/21,2020/04/21 11:11:00,2020/04/21 11:12:00,1821.0,1821.0,1821.0,1821.0,0.0,0.0,0.0,1821.0
MA104,2020/04/21,2020/04/21 11:12:00,2020/04/21 11:13:00,1821.0,1821.0,1821.0,1821.0,0.0,0.0,0.0,1821.0
MA104,2020/04/21,2020/04/21 11:13:00,2020/04/21 11:14:00,1821.0,1821.0,1821.0,1821.0,0.0,0.0,0.0,1821.0
MA104,2020/04/21,2020/04/21 11:14:00,2020/04/21 11:15:00,1821.0,1821.0,1821.0,1821.0,0.0,0.0,0.0,1821.0
MA104,2020/04/21,2020/04/21 11:15:00,2020/04/21 11:16:00,1821.0,1821.0,1821.0,1821.0,0.0,0.0,0.0,1821.0
MA104,2020/04/21,2020/04/21 11:16:00,2020/04/21 11:17:00,1821.0,1821.0,1821.0,1821.0,0.0,0.0,0.0,1821.0
MA104,2020/04/21,2020/04/21 11:17:00,2020/04/21 11:18:00,1821.0,1821.0,1821.0,1821.0,0.0,0.0,0.0,1821.0
MA104,2020/04/21,2020/04/21 11:18:00,2020/04/21 11:19:00,1821.0,1821.0,1821.0,1821.0,0.0,0.0,0.0,1821.0
MA104,2020/04/21,2020/04/21 11:19:00,2020/04/21 11:20:00,1821.0,1821.0,1821.0,1821.0,0.0,0.0,0.0,1821.0
MA104,2020/04/21,2020/04/21 11:20:00,2020/04/21 11:21:00,1821.0,1821.0,1821.0,1821.0,0.0,0.0,0.0,1821.0
MA104,2020/04/21,2020/04/21 11:21:00,2020/04/21 11:22:00,1821.0,1821.0,1821.0,1821.0,0.0,0.0,0.0,1821.0
MA104,2020/04/21,2020/04/21 11:22:00,2020/04/21 11:23:00,1821.0,1821.0,1821.0,1821.0,0.0,0.0,0.0,1821.0
MA104,2020/04/21,2020/04/21 11:23:00,2020/04/21 11:24:00,1821.0,1821.0,1821.0,1821.0,0.0,0.0,0.0,1821.0
MA104,2020/04/21,2020/04/21 11:24:00,2020/04/21 11:25:00,1821.0,1821.0,1821.0,1821.0,0.0,0.0,0.0,1821.0
MA104,2020/04/21,2020/04/21 11:25:00,2020/04/21 11:26:00,1821.0,1821.0,1821.0,1821.0,0.0,0.0,0.0,1821.0
MA104,2020/04/21,2020/04/21 11:26:00,2020/04/21 11:27:00,1821.0,1821.0,1821.0,1821.0,0.0,0.0,0.0,1821.0
MA104,2020/04/21,2020/04/21 11:27:00,2020/04/21 11:28:00,1821.0,1821.0,1821.0,1821.0,0.0,0.0,0.0,1821.0
MA104,2020/04/21,2020/04/21 11:28:00,2020/04/21 11:29:00,1821.0,1821.0,1821.0,1821.0,0.0,0.0,0.0,1821.0
MA104,2020/04/21,2020/04/21 11:29:00,2020/04/21 11:30:00,1821.0,1821.0,1821.0,1821.0,0.0,0.0,0.0,1821.0
MA104,2020/04/21,2020/04/21 13:30:00,2020/04/21 13:31:00,1821.0,1821.0,1821.0,1821.0,0.0,0.0,0.0,1821.0
MA104,2020/04/21,2020/04/21 13:31:00,2020/04/21 13:32:00,1821.0,1821.0,1821.0,1821.0,0.0,0.0,0.0,1821.0
MA104,2020/04/21,2020/04/21 13:32:00,2020/04/21 13:33:00,1821.0,1821.0,1821.0,1821.0,0.0,0.0,0.0,1821.0
MA104,2020/04/21,2020/04/21 13:33:00,2020/04/21 13:34:00,1821.0,1821.0,1821.0,1821.0,0.0,0.0,0.0,1821.0
MA104,2020/04/21,2020/04/21 13:34:00,2020/04/21 13:35:00,1821.0,1821.0,1821.0,1821.0,0.0,0.0,0.0,1821.0
MA104,2020/04/21,2020/04/21 13:35:00,2020/04/21 13:36:00,1821.0,1821.0,1821.0,1821.0,0.0,0.0,0.0,1821.0
MA104,2020/04/21,2020/04/21 13:36:00,2020/04/21 13:37:00,1821.0,1821.0,1821.0,1821.0,0.0,0.0,0.0,1821.0
MA104,2020/04/21,2020/04/21 13:37:00,2020/04/21 13:38:00,1821.0,1821.0,1821.0,1821.0,0.0,0.0,0.0,1821.0
MA104,2020/04/21,2020/04/21 13:38:00,2020/04/21 13:39:00,1821.0,1821.0,1821.0,1821.0,0.0,0.0,0.0,1821.0
MA104,2020/04/21,2020/04/21 13:39:00,2020/04/21 13:40:00,1821.0,1821.0,1821.0,1821.0,0.0,0.0,0.0,1821.0
MA104,2020/04/21,2020/04/21 13:40:00,2020/04/21 13:41:00,1821.0,1821.0,1821.0,1821.0,0.0,0.0,0.0,1821.0
MA104,2020/04/21,2020/04/21 13:41:00,2020/04/21 13:42:00,1821.0,1821.0,1821.0,1821.0,0.0,0.0,0.0,1821.0
MA104,2020/04/21,2020/04/21 13:42:00,2020/04/21 13:43:00,1821.0,1821.0,1821.0,1821.0,0.0,0.0,0.0,1821.0
MA104,2020/04/21,2020/04/21 13:43:00,2020/04/21 13:44:00,1821.0,1821.0,1821.0,1821.0,0.0,0.0,0.0,1821.0
MA104,2020/04/21,2020/04/21 13:44:00,2020/04/21 13:45:00,1821.0,1821.0,1821.0,1821.0,0.0,0.0,0.0,1821.0
MA104,2020/04/21,2020/04/21 13:45:00,2020/04/21 13:46:00,1821.0,1821.0,1821.0,1821.0,0.0,0.0,0.0,1821.0
MA104,2020/04/21,2020/04/21 13:46:00,2020/04/21 13:47:00,1821.0,1821.0,1821.0,1821.0,0.0,0.0,0.0,1821.0
MA104,2020/04/21,2020/04/21 13:47:00,2020/04/21 13:48:00,1821.0,1821.0,1821.0,1821.0,0.0,0.0,0.0,1821.0
MA104,2020/04/21,2020/04/21 13:48:00,2020/04/21 13:49:00,1821.0,1821.0,1821.0,1821.0,0.0,0.0,0.0,1821.0
MA104,2020/04/21,2020/04/21 13:49:00,2020/04/21 13:50:00,1821.0,1821.0,1821.0,1821.0,0.0,0.0,0.0,1821.0
MA104,2020/04/21,2020/04/21 13:50:00,2020/04/21 13:51:00,1821.0,1821.0,1821.0,1821.0,0.0,0.0,0.0,1821.0
MA104,2020/04/21,2020/04/21 13:51:00,2020/04/21 13:52:00,1821.0,1821.0,1821.0,1821.0,0.0,0.0,0.0,1821.0
MA104,2020/04/21,2020/04/21 13:52:00,2020/04/21 13:53:00,1821.0,1821.0,1821.0,1821.0,0.0,0.0,0.0,1821.0
MA104,2020/04/21,2020/04/21 13:53:00,2020/04/21 13:54:00,1821.0,1821.0,1821.0,1821.0,0.0,0.0,0.0,1821.0
MA104,2020/04/21,2020/04/21 13:54:00,2020/04/21 13:55:00,1821.0,1821.0,1821.0,1821.0,0.0,0.0,0.0,1821.0
MA104,2020/04/21,2020/04/21 13:55:00,2020/04/21 13:56:00,1821.0,1821.0,1821.0,1821.0,0.0,0.0,0.0,1821.0
MA104,2020/04/21,2020/04/21 13:56:00,2020/04/21 13:57:00,1821.0,1821.0,1821.0,1821.0,0.0,0.0,0.0,1821.0
MA104,2020/04/21,2020/04/21 13:57:00,2020/04/21 13:58:00,1821.0,1821.0,1821.0,1821.0,0.0,0.0,0.0,1821.0
MA104,2020/04/21,2020/04/21 13:58:00,2020/04/21 13:59:00,1821.0,1821.0,1821.0,1821.0,0.0,0.0,0.0,1821.0
MA104,2020/04/21,2020/04/21 13:59:00,2020/04/21 14:00:00,1821.0,1821.0,1821.0,1821.0,0.0,0.0,0.0,1821.0
MA104,2020/04/21,2020/04/21 14:00:00,2020/04/21 14:01:00,1821.0,1821.0,1821.0,1821.0,0.0,0.0,0.0,1821.0
MA104,2020/04/21,2020/04/21 14:01:00,2020/04/21 14:02:00,1821.0,1821.0,1821.0,1821.0,0.0,0.0,0.0,1821.0
MA104,2020/04/21,2020/04/21 14:02:00,2020/04/21 14:03:00,1821.0,1821.0,1821.0,1821.0,0.0,0.0,0.0,1821.0
MA104,2020/04/21,2020/04/21 14:03:00,2020/04/21 14:04:00,1821.0,1821.0,1821.0,1821.0,0.0,0.0,0.0,1821.0
MA104,2020/04/21,2020/04/21 14:04:00,2020/04/21 14:05:00,1821.0,1821.0,1821.0,1821.0,0.0,0.0,0.0,1821.0
MA104,2020/04/21,2020/04/21 14:05:00,2020/04/21 14:06:00,1821.0,1821.0,1821.0,1821.0,0.0,0.0,0.0,1821.0
MA104,2020/04/21,2020/04/21 14:06:00,2020/04/21 14:07:00,1821.0,1821.0,1821.0,1821.0,0.0,0.0,0.0,1821.0
MA104,2020/04/21,2020/04/21 14:07:00,2020/04/21 14:08:00,1821.0,1821.0,1821.0,1821.0,0.0,0.0,0.0,1821.0
MA104,2020/04/21,2020/04/21 14:08:00,2020/04/21 14:09:00,1821.0,1821.0,1821.0,1821.0,0.0,0.0,0.0,1821.0
MA104,2020/04/21,2020/04/21 14:09:00,2020/04/21 14:10:00,1821.0,1821.0,1821.0,1821.0,0.0,0.0,0.0,1821.0
MA104,2020/04/21,2020/04/21 14:10:00,2020/04/21 14:11:00,1821.0,1821.0,1821.0,1821.0,0.0,0.0,0.0,1821.0
MA104,2020/04/21,2020/04/21 14:11:00,2020/04/21 14:12:00,1821.0,1821.0,1821.0,1821.0,0.0,0.0,0.0,1821.0
MA104,2020/04/21,2020/04/21 14:12:00,2020/04/21 14:13:00,1821.0,1821.0,1821.0,1821.0,0.0,0.0,0.0,1821.0
MA104,2020/04/21,2020/04/21 14:13:00,2020/04/21 14:14:00,1821.0,1821.0,1821.0,1821.0,0.0,0.0,0.0,1821.0
MA104,2020/04/21,2020/04/21 14:14:00,2020/04/21 14:15:00,1821.0,1821.0,1821.0,1821.0,0.0,0.0,0.0,1821.0
MA104,2020/04/21,2020/04/21 14:15:00,2020/04/21 14:16:00,1821.0,1821.0,1821.0,1821.0,0.0,0.0,0.0,1821.0
MA104,2020/04/21,2020/04/21 14:16:00,2020/04/21 14:17:00,1821.0,1821.0,1821.0,1821.0,0.0,0.0,0.0,1821.0
MA104,2020/04/21,2020/04/21 14:17:00,2020/04/21 14:18:00,1821.0,1821.0,1821.0,1821.0,0.0,0.0,0.0,1821.0
MA104,2020/04/21,2020/04/21 14:18:00,2020/04/21 14:19:00,1821.0,1821.0,1821.0,1821.0,0.0,0.0,0.0,1821.0
MA104,2020/04/21,2020/04/21 14:19:00,2020/04/21 14:20:00,1821.0,1821.0,1821.0,1821.0,0.0,0.0,0.0,1821.0
MA104,2020/04/21,2020/04/21 14:20:00,2020/04/21 14:21:00,1821.0,1821.0,1821.0,1821.0,0.0,0.0,0.0,1821.0
MA104,2020/04/21,2020/04/21 14:21:00,2020/04/21 14:22:00,1821.0,1821.0,1821.0,1821.0,0.0,0.0,0.0,1821.0
MA104,2020/04/21,2020/04/21 14:22:00,2020/04/21 14:23:00,1821.0,1821.0,1821.0,1821.0,0.0,0.0,0.0,1821.0
MA104,2020/04/21,2020/04/21 14:23:00,2020/04/21 14:24:00,1821.0,1821.0,1821.0,1821.0,0.0,0.0,0.0,1821.0
MA104,2020/04/21,2020/04/21 14:24:00,2020/04/21 14:25:00,1821.0,1821.0,1821.0,1821.0,0.0,0.0,0.0,1821.0
MA104,2020/04/21,2020/04/21 14:25:00,2020/04/21 14:26:00,1821.0,1821.0,1821.0,1821.0,0.0,0.0,0.0,1821.0
MA104,2020/04/21,2020/04/21 14:26:00,2020/04/21 14:27:00,1821.0,1821.0,1821.0,1821.0,0.0,0.0,0.0,1821.0
MA104,2020/04/21,2020/04/21 14:27:00,2020/04/21 14:28:00,1821.0,1821.0,1821.0,1821.0,0.0,0.0,0.0,1821.0
MA104,2020/04/21,2020/04/21 14:28:00,2020/04/21 14:29:00,1821.0,1821.0,1821.0,1821.0,0.0,0.0,0.0,1821.0
MA104,2020/04/21,2020/04/21 14:29:00,2020/04/21 14:30:00,1821.0,1821.0,1821.0,1821.0,0.0,0.0,0.0,1821.0
MA104,2020/04/21,2020/04/21 14:30:00,2020/04/21 14:31:00,1821.0,1821.0,1821.0,1821.0,0.0,0.0,0.0,1821.0
MA104,2020/04/21,2020/04/21 14:31:00,2020/04/21 14:32:00,1821.0,1821.0,1821.0,1821.0,0.0,0.0,0.0,1821.0
MA104,2020/04/21,2020/04/21 14:32:00,2020/04/21 14:33:00,1821.0,1821.0,1821.0,1821.0,0.0,0.0,0.0,1821.0
MA104,2020/04/21,2020/04/21 14:33:00,2020/04/21 14:34:00,1821.0,1821.0,1821.0,1821.0,0.0,0.0,0.0,1821.0
MA104,2020/04/21,2020/04/21 14:34:00,2020/04/21 14:35:00,1853.0,1853.0,1853.0,1853.0,75.0,138975.0,75.0,1821.0
MA104,2020/04/21,2020/04/21 14:35:00,2020/04/21 14:36:00,1853.0,1853.0,1853.0,1853.0,0.0,0.0,75.0,1853.0
MA104,2020/04/21,2020/04/21 14:36:00,2020/04/21 14:37:00,1853.0,1853.0,1853.0,1853.0,0.0,0.0,75.0,1853.0
MA104,2020/04/21,2020/04/21 14:37:00,2020/04/21 14:38:00,1853.0,1853.0,1853.0,1853.0,0.0,0.0,75.0,1853.0
MA104,2020/04/21,2020/04/21 14:38:00,2020/04/21 14:39:00,1853.0,1853.0,1853.0,1853.0,0.0,0.0,75.0,1853.0
MA104,2020/04/21,2020/04/21 14:39:00,2020/04/21 14:40:00,1853.0,1853.0,1853.0,1853.0,0.0,0.0,75.0,1853.0
MA104,2020/04/21,2020/04/21 14:40:00,2020/04/21 14:41:00,1853.0,1853.0,1853.0,1853.0,0.0,0.0,75.0,1853.0
MA104,2020/04/21,2020/04/21 14:41:00,2020/04/21 14:42:00,1853.0,1853.0,1853.0,1853.0,0.0,0.0,75.0,1853.0
MA104,2020/04/21,2020/04/21 14:42:00,2020/04/21 14:43:00,1853.0,1853.0,1853.0,1853.0,0.0,0.0,75.0,1853.0
MA104,2020/04/21,2020/04/21 14:43:00,2020/04/21 14:44:00,1853.0,1853.0,1853.0,1853.0,0.0,0.0,75.0,1853.0
MA104,2020/04/21,2020/04/21 14:44:00,2020/04/21 14:45:00,1853.0,1853.0,1853.0,1853.0,0.0,0.0,75.0,1853.0
MA104,2020/04/21,2020/04/21 14:45:00,2020/04/21 14:46:00,1853.0,1853.0,1853.0,1853.0,0.0,0.0,75.0,1853.0
MA104,2020/04/21,2020/04/21 14:46:00,2020/04/21 14:47:00,1853.0,1853.0,1853.0,1853.0,0.0,0.0,75.0,1853.0
MA104,2020/04/21,2020/04/21 14:47:00,2020/04/21 14:48:00,1853.0,1853.0,1853.0,1853.0,0.0,0.0,75.0,1853.0
MA104,2020/04/21,2020/04/21 14:48:00,2020/04/21 14:49:00,1853.0,1853.0,1853.0,1853.0,0.0,0.0,75.0,1853.0
MA104,2020/04/21,2020/04/21 14:49:00,2020/04/21 14:50:00,1853.0,1853.0,1853.0,1853.0,0.0,0.0,75.0,1853.0
MA104,2020/04/21,2020/04/21 14:50:00,2020/04/21 14:51:00,1853.0,1853.0,1853.0,1853.0,0.0,0.0,75.0,1853.0
MA104,2020/04/21,2020/04/21 14:51:00,2020/04/21 14:52:00,1853.0,1853.0,1853.0,1853.0,0.0,0.0,75.0,1853.0
MA104,2020/04/21,2020/04/21 14:52:00,2020/04/21 14:53:00,1853.0,1853.0,1853.0,1853.0,0.0,0.0,75.0,1853.0
MA104,2020/04/21,2020/04/21 14:53:00,2020/04/21 14:54:00,1853.0,1853.0,1853.0,1853.0,0.0,0.0,75.0,1853.0
MA104,2020/04/21,2020/04/21 14:54:00,2020/04/21 14:55:00,1853.0,1853.0,1853.0,1853.0,0.0,0.0,75.0,1853.0
MA104,2020/04/21,2020/04/21 14:55:00,2020/04/21 14:56:00,1853.0,1853.0,1853.0,1853.0,0.0,0.0,75.0,1853.0
MA104,2020/04/21,2020/04/21 14:56:00,2020/04/21 14:57:00,1853.0,1853.0,1853.0,1853.0,0.0,0.0,75.0,1853.0
MA104,2020/04/21,2020/04/21 14:57:00,2020/04/21 14:58:00,1853.0,1853.0,1853.0,1853.0,0.0,0.0,75.0,1853.0
MA104,2020/04/21,2020/04/21 14:58:00,2020/04/21 14:59:00,1853.0,1853.0,1853.0,1853.0,0.0,0.0,75.0,1853.0
MA104,2020/04/21,2020/04/21 14:59:00,2020/04/21 14:59:52,1853.0,1853.0,1853.0,1853.0,0.0,0.0,75.0,1853.0
MA104,2020/04/23,2020/04/23 09:00:00,2020/04/23 09:01:00,1853.0,1853.0,1853.0,1853.0,0.0,0.0,75.0,1853.0
MA104,2020/04/23,2020/04/23 09:01:00,2020/04/23 09:02:00,1853.0,1853.0,1853.0,1853.0,0.0,0.0,75.0,1853.0
MA104,2020/04/23,2020/04/23 09:02:00,2020/04/23 09:03:00,1853.0,1853.0,1853.0,1853.0,0.0,0.0,75.0,1853.0
MA104,2020/04/23,2020/04/23 09:03:00,2020/04/23 09:04:00,1853.0,1853.0,1853.0,1853.0,0.0,0.0,75.0,1853.0
MA104,2020/04/23,2020/04/23 09:04:00,2020/04/23 09:05:00,1853.0,1853.0,1853.0,1853.0,0.0,0.0,75.0,1853.0
MA104,2020/04/23,2020/04/23 09:05:00,2020/04/23 09:06:00,1853.0,1853.0,1853.0,1853.0,0.0,0.0,75.0,1853.0
MA104,2020/04/23,2020/04/23 09:06:00,2020/04/23 09:07:00,1853.0,1853.0,1853.0,1853.0,0.0,0.0,75.0,1853.0
MA104,2020/04/23,2020/04/23 09:07:00,2020/04/23 09:08:00,1853.0,1853.0,1853.0,1853.0,0.0,0.0,75.0,1853.0
MA104,2020/04/23,2020/04/23 09:08:00,2020/04/23 09:09:00,1853.0,1853.0,1853.0,1853.0,0.0,0.0,75.0,1853.0
MA104,2020/04/23,2020/04/23 09:09:00,2020/04/23 09:10:00,1853.0,1853.0,1853.0,1853.0,0.0,0.0,75.0,1853.0
MA104,2020/04/23,2020/04/23 09:10:00,2020/04/23 09:11:00,1853.0,1853.0,1853.0,1853.0,0.0,0.0,75.0,1853.0
MA104,2020/04/23,2020/04/23 09:11:00,2020/04/23 09:12:00,1853.0,1853.0,1853.0,1853.0,0.0,0.0,75.0,1853.0
MA104,2020/04/23,2020/04/23 09:12:00,2020/04/23 09:13:00,1853.0,1853.0,1853.0,1853.0,0.0,0.0,75.0,1853.0
MA104,2020/04/23,2020/04/23 09:13:00,2020/04/23 09:14:00,1853.0,1853.0,1853.0,1853.0,0.0,0.0,75.0,1853.0
MA104,2020/04/23,2020/04/23 09:14:00,2020/04/23 09:15:00,1853.0,1853.0,1853.0,1853.0,0.0,0.0,75.0,1853.0
MA104,2020/04/23,2020/04/23 09:15:00,2020/04/23 09:16:00,1853.0,1853.0,1853.0,1853.0,0.0,0.0,75.0,1853.0
MA104,2020/04/23,2020/04/23 09:16:00,2020/04/23 09:17:00,1853.0,1853.0,1853.0,1853.0,0.0,0.0,75.0,1853.0
MA104,2020/04/23,2020/04/23 09:17:00,2020/04/23 09:18:00,1853.0,1853.0,1853.0,1853.0,0.0,0.0,75.0,1853.0
MA104,2020/04/23,2020/04/23 09:18:00,2020/04/23 09:19:00,1853.0,1853.0,1853.0,1853.0,0.0,0.0,75.0,1853.0
MA104,2020/04/23,2020/04/23 09:19:00,2020/04/23 09:20:00,1853.0,1853.0,1853.0,1853.0,0.0,0.0,75.0,1853.0
MA104,2020/04/23,2020/04/23 09:20:00,2020/04/23 09:21:00,1853.0,1853.0,1853.0,1853.0,0.0,0.0,75.0,1853.0
MA104,2020/04/23,2020/04/23 09:21:00,2020/04/23 09:22:00,1853.0,1853.0,1853.0,1853.0,0.0,0.0,75.0,1853.0
MA104,2020/04/23,2020/04/23 09:22:00,2020/04/23 09:23:00,1853.0,1853.0,1853.0,1853.0,0.0,0.0,75.0,1853.0
MA104,2020/04/23,2020/04/23 09:23:00,2020/04/23 09:24:00,1853.0,1853.0,1853.0,1853.0,0.0,0.0,75.0,1853.0
MA104,2020/04/23,2020/04/23 09:24:00,2020/04/23 09:25:00,1853.0,1853.0,1853.0,1853.0,0.0,0.0,75.0,1853.0
MA104,2020/04/23,2020/04/23 09:25:00,2020/04/23 09:26:00,1853.0,1853.0,1853.0,1853.0,0.0,0.0,75.0,1853.0
MA104,2020/04/23,2020/04/23 09:26:00,2020/04/23 09:27:00,1853.0,1853.0,1853.0,1853.0,0.0,0.0,75.0,1853.0
MA104,2020/04/23,2020/04/23 09:27:00,2020/04/23 09:28:00,1853.0,1853.0,1853.0,1853.0,0.0,0.0,75.0,1853.0
MA104,2020/04/23,2020/04/23 09:28:00,2020/04/23 09:29:00,1853.0,1853.0,1853.0,1853.0,0.0,0.0,75.0,1853.0
MA104,2020/04/23,2020/04/23 09:29:00,2020/04/23 09:30:00,1853.0,1853.0,1853.0,1853.0,0.0,0.0,75.0,1853.0
MA104,2020/04/23,2020/04/23 09:30:00,2020/04/23 09:31:00,1853.0,1853.0,1853.0,1853.0,0.0,0.0,75.0,1853.0
MA104,2020/04/23,2020/04/23 09:31:00,2020/04/23 09:32:00,1853.0,1853.0,1853.0,1853.0,0.0,0.0,75.0,1853.0
MA104,2020/04/23,2020/04/23 09:32:00,2020/04/23 09:33:00,1853.0,1853.0,1853.0,1853.0,0.0,0.0,75.0,1853.0
MA104,2020/04/23,2020/04/23 09:33:00,2020/04/23 09:34:00,1853.0,1853.0,1853.0,1853.0,0.0,0.0,75.0,1853.0
MA104,2020/04/23,2020/04/23 09:34:00,2020/04/23 09:35:00,1853.0,1853.0,1853.0,1853.0,0.0,0.0,75.0,1853.0
MA104,2020/04/23,2020/04/23 09:35:00,2020/04/23 09:36:00,1853.0,1853.0,1853.0,1853.0,0.0,0.0,75.0,1853.0
MA104,2020/04/23,2020/04/23 09:36:00,2020/04/23 09:37:00,1853.0,1853.0,1853.0,1853.0,0.0,0.0,75.0,1853.0
MA104,2020/04/23,2020/04/23 09:37:00,2020/04/23 09:38:00,1853.0,1853.0,1853.0,1853.0,0.0,0.0,75.0,1853.0
MA104,2020/04/23,2020/04/23 09:38:00,2020/04/23 09:39:00,1853.0,1853.0,1853.0,1853.0,0.0,0.0,75.0,1853.0
MA104,2020/04/23,2020/04/23 09:39:00,2020/04/23 09:40:00,1853.0,1853.0,1853.0,1853.0,0.0,0.0,75.0,1853.0
MA104,2020/04/23,2020/04/23 09:40:00,2020/04/23 09:41:00,1853.0,1853.0,1853.0,1853.0,0.0,0.0,75.0,1853.0
MA104,2020/04/23,2020/04/23 09:41:00,2020/04/23 09:42:00,1853.0,1853.0,1853.0,1853.0,0.0,0.0,75.0,1853.0
MA104,2020/04/23,2020/04/23 09:42:00,2020/04/23 09:43:00,1853.0,1853.0,1853.0,1853.0,0.0,0.0,75.0,1853.0
MA104,2020/04/23,2020/04/23 09:43:00,2020/04/23 09:44:00,1853.0,1853.0,1853.0,1853.0,0.0,0.0,75.0,1853.0
MA104,2020/04/23,2020/04/23 09:44:00,2020/04/23 09:45:00,1853.0,1853.0,1853.0,1853.0,0.0,0.0,75.0,1853.0
MA104,2020/04/23,2020/04/23 09:45:00,2020/04/23 09:46:00,1853.0,1853.0,1853.0,1853.0,0.0,0.0,75.0,1853.0
MA104,2020/04/23,2020/04/23 09:46:00,2020/04/23 09:47:00,1853.0,1853.0,1853.0,1853.0,0.0,0.0,75.0,1853.0
MA104,2020/04/23,2020/04/23 09:47:00,2020/04/23 09:48:00,1853.0,1853.0,1853.0,1853.0,0.0,0.0,75.0,1853.0
MA104,2020/04/23,2020/04/23 09:48:00,2020/04/23 09:49:00,1853.0,1853.0,1853.0,1853.0,0.0,0.0,75.0,1853.0
MA104,2020/04/23,2020/04/23 09:49:00,2020/04/23 09:50:00,1853.0,1853.0,1853.0,1853.0,0.0,0.0,75.0,1853.0
MA104,2020/04/23,2020/04/23 09:50:00,2020/04/23 09:51:00,1853.0,1853.0,1853.0,1853.0,0.0,0.0,75.0,1853.0
MA104,2020/04/23,2020/04/23 09:51:00,2020/04/23 09:52:00,1853.0,1853.0,1853.0,1853.0,0.0,0.0,75.0,1853.0
MA104,2020/04/23,2020/04/23 09:52:00,2020/04/23 09:53:00,1853.0,1853.0,1853.0,1853.0,0.0,0.0,75.0,1853.0
MA104,2020/04/23,2020/04/23 09:53:00,2020/04/23 09:54:00,1853.0,1853.0,1853.0,1853.0,0.0,0.0,75.0,1853.0
MA104,2020/04/23,2020/04/23 09:54:00,2020/04/23 09:55:00,1853.0,1853.0,1853.0,1853.0,0.0,0.0,75.0,1853.0
MA104,2020/04/23,2020/04/23 09:55:00,2020/04/23 09:56:00,1853.0,1853.0,1853.0,1853.0,0.0,0.0,75.0,1853.0
MA104,2020/04/23,2020/04/23 09:56:00,2020/04/23 09:57:00,1853.0,1853.0,1853.0,1853.0,0.0,0.0,75.0,1853.0
MA104,2020/04/23,2020/04/23 09:57:00,2020/04/23 09:58:00,1853.0,1853.0,1853.0,1853.0,0.0,0.0,75.0,1853.0
MA104,2020/04/23,2020/04/23 09:58:00,2020/04/23 09:59:00,1853.0,1853.0,1853.0,1853.0,0.0,0.0,75.0,1853.0
MA104,2020/04/23,2020/04/23 09:59:00,2020/04/23 10:00:00,1853.0,1853.0,1853.0,1853.0,0.0,0.0,75.0,1853.0
MA104,2020/04/23,2020/04/23 10:00:00,2020/04/23 10:01:00,1853.0,1853.0,1853.0,1853.0,0.0,0.0,75.0,1853.0
MA104,2020/04/23,2020/04/23 10:01:00,2020/04/23 10:02:00,1853.0,1853.0,1853.0,1853.0,0.0,0.0,75.0,1853.0
MA104,2020/04/23,2020/04/23 10:02:00,2020/04/23 10:03:00,1853.0,1853.0,1853.0,1853.0,0.0,0.0,75.0,1853.0
MA104,2020/04/23,2020/04/23 10:03:00,2020/04/23 10:04:00,1853.0,1853.0,1853.0,1853.0,0.0,0.0,75.0,1853.0
MA104,2020/04/23,2020/04/23 10:04:00,2020/04/23 10:05:00,1853.0,1853.0,1853.0,1853.0,0.0,0.0,75.0,1853.0
MA104,2020/04/23,2020/04/23 10:05:00,2020/04/23 10:06:00,1853.0,1853.0,1853.0,1853.0,0.0,0.0,75.0,1853.0
MA104,2020/04/23,2020/04/23 10:06:00,2020/04/23 10:07:00,1853.0,1853.0,1853.0,1853.0,0.0,0.0,75.0,1853.0
MA104,2020/04/23,2020/04/23 10:07:00,2020/04/23 10:08:00,1853.0,1853.0,1853.0,1853.0,0.0,0.0,75.0,1853.0
MA104,2020/04/23,2020/04/23 10:08:00,2020/04/23 10:09:00,1853.0,1853.0,1853.0,1853.0,0.0,0.0,75.0,1853.0
MA104,2020/04/23,2020/04/23 10:09:00,2020/04/23 10:10:00,1853.0,1853.0,1853.0,1853.0,0.0,0.0,75.0,1853.0
MA104,2020/04/23,2020/04/23 10:10:00,2020/04/23 10:11:00,1853.0,1853.0,1853.0,1853.0,0.0,0.0,75.0,1853.0
MA104,2020/04/23,2020/04/23 10:11:00,2020/04/23 10:12:00,1853.0,1853.0,1853.0,1853.0,0.0,0.0,75.0,1853.0
MA104,2020/04/23,2020/04/23 10:12:00,2020/04/23 10:13:00,1853.0,1853.0,1853.0,1853.0,0.0,0.0,75.0,1853.0
MA104,2020/04/23,2020/04/23 10:13:00,2020/04/23 10:14:00,1853.0,1853.0,1853.0,1853.0,0.0,0.0,75.0,1853.0
MA104,2020/04/23,2020/04/23 10:14:00,2020/04/23 10:15:00,1853.0,1853.0,1853.0,1853.0,0.0,0.0,75.0,1853.0
MA104,2020/04/23,2020/04/23 10:30:00,2020/04/23 10:31:00,1853.0,1853.0,1853.0,1853.0,0.0,0.0,75.0,1853.0
MA104,2020/04/23,2020/04/23 10:31:00,2020/04/23 10:32:00,1853.0,1853.0,1853.0,1853.0,0.0,0.0,75.0,1853.0
MA104,2020/04/23,2020/04/23 10:32:00,2020/04/23 10:33:00,1853.0,1853.0,1853.0,1853.0,0.0,0.0,75.0,1853.0
MA104,2020/04/23,2020/04/23 10:33:00,2020/04/23 10:34:00,1853.0,1853.0,1853.0,1853.0,0.0,0.0,75.0,1853.0
MA104,2020/04/23,2020/04/23 10:34:00,2020/04/23 10:35:00,1853.0,1853.0,1853.0,1853.0,0.0,0.0,75.0,1853.0
MA104,2020/04/23,2020/04/23 10:35:00,2020/04/23 10:36:00,1853.0,1853.0,1853.0,1853.0,0.0,0.0,75.0,1853.0
MA104,2020/04/23,2020/04/23 10:36:00,2020/04/23 10:37:00,1853.0,1853.0,1853.0,1853.0,0.0,0.0,75.0,1853.0
MA104,2020/04/23,2020/04/23 10:37:00,2020/04/23 10:38:00,1853.0,1853.0,1853.0,1853.0,0.0,0.0,75.0,1853.0
MA104,2020/04/23,2020/04/23 10:38:00,2020/04/23 10:39:00,1853.0,1853.0,1853.0,1853.0,0.0,0.0,75.0,1853.0
MA104,2020/04/23,2020/04/23 10:39:00,2020/04/23 10:40:00,1853.0,1853.0,1853.0,1853.0,0.0,0.0,75.0,1853.0
MA104,2020/04/23,2020/04/23 10:40:00,2020/04/23 10:41:00,1853.0,1853.0,1853.0,1853.0,0.0,0.0,75.0,1853.0
MA104,2020/04/23,2020/04/23 10:41:00,2020/04/23 10:42:00,1853.0,1853.0,1853.0,1853.0,0.0,0.0,75.0,1853.0
MA104,2020/04/23,2020/04/23 10:42:00,2020/04/23 10:43:00,1853.0,1853.0,1853.0,1853.0,0.0,0.0,75.0,1853.0
MA104,2020/04/23,2020/04/23 10:43:00,2020/04/23 10:44:00,1853.0,1853.0,1853.0,1853.0,0.0,0.0,75.0,1853.0
MA104,2020/04/23,2020/04/23 10:44:00,2020/04/23 10:45:00,1853.0,1853.0,1853.0,1853.0,0.0,0.0,75.0,1853.0
MA104,2020/04/23,2020/04/23 10:45:00,2020/04/23 10:46:00,1853.0,1853.0,1853.0,1853.0,0.0,0.0,75.0,1853.0
MA104,2020/04/23,2020/04/23 10:46:00,2020/04/23 10:47:00,1853.0,1853.0,1853.0,1853.0,0.0,0.0,75.0,1853.0
MA104,2020/04/23,2020/04/23 10:47:00,2020/04/23 10:48:00,1853.0,1853.0,1853.0,1853.0,0.0,0.0,75.0,1853.0
MA104,2020/04/23,2020/04/23 10:48:00,2020/04/23 10:49:00,1853.0,1853.0,1853.0,1853.0,0.0,0.0,75.0,1853.0
MA104,2020/04/23,2020/04/23 10:49:00,2020/04/23 10:50:00,1853.0,1853.0,1853.0,1853.0,0.0,0.0,75.0,1853.0
MA104,2020/04/23,2020/04/23 10:50:00,2020/04/23 10:51:00,1853.0,1853.0,1853.0,1853.0,0.0,0.0,75.0,1853.0
MA104,2020/04/23,2020/04/23 10:51:00,2020/04/23 10:52:00,1853.0,1853.0,1853.0,1853.0,0.0,0.0,75.0,1853.0
MA104,2020/04/23,2020/04/23 10:52:00,2020/04/23 10:53:00,1853.0,1853.0,1853.0,1853.0,0.0,0.0,75.0,1853.0
MA104,2020/04/23,2020/04/23 10:53:00,2020/04/23 10:54:00,1853.0,1853.0,1853.0,1853.0,0.0,0.0,75.0,1853.0
MA104,2020/04/23,2020/04/23 10:54:00,2020/04/23 10:55:00,1853.0,1853.0,1853.0,1853.0,0.0,0.0,75.0,1853.0
MA104,2020/04/23,2020/04/23 10:55:00,2020/04/23 10:56:00,1853.0,1853.0,1853.0,1853.0,0.0,0.0,75.0,1853.0
MA104,2020/04/23,2020/04/23 10:56:00,2020/04/23 10:57:00,1853.0,1853.0,1853.0,1853.0,0.0,0.0,75.0,1853.0
MA104,2020/04/23,2020/04/23 10:57:00,2020/04/23 10:58:00,1853.0,1853.0,1853.0,1853.0,0.0,0.0,75.0,1853.0
MA104,2020/04/23,2020/04/23 10:58:00,2020/04/23 10:59:00,1853.0,1853.0,1853.0,1853.0,0.0,0.0,75.0,1853.0
MA104,2020/04/23,2020/04/23 10:59:00,2020/04/23 11:00:00,1853.0,1853.0,1853.0,1853.0,0.0,0.0,75.0,1853.0
MA104,2020/04/23,2020/04/23 11:00:00,2020/04/23 11:01:00,1853.0,1853.0,1853.0,1853.0,0.0,0.0,75.0,1853.0
MA104,2020/04/23,2020/04/23 11:01:00,2020/04/23 11:02:00,1853.0,1853.0,1853.0,1853.0,0.0,0.0,75.0,1853.0
MA104,2020/04/23,2020/04/23 11:02:00,2020/04/23 11:03:00,1853.0,1853.0,1853.0,1853.0,0.0,0.0,75.0,1853.0
MA104,2020/04/23,2020/04/23 11:03:00,2020/04/23 11:04:00,1853.0,1853.0,1853.0,1853.0,0.0,0.0,75.0,1853.0
MA104,2020/04/23,2020/04/23 11:04:00,2020/04/23 11:05:00,1853.0,1853.0,1853.0,1853.0,0.0,0.0,75.0,1853.0
MA104,2020/04/23,2020/04/23 11:05:00,2020/04/23 11:06:00,1853.0,1853.0,1853.0,1853.0,0.0,0.0,75.0,1853.0
MA104,2020/04/23,2020/04/23 11:06:00,2020/04/23 11:07:00,1853.0,1853.0,1853.0,1853.0,0.0,0.0,75.0,1853.0
MA104,2020/04/23,2020/04/23 11:07:00,2020/04/23 11:08:00,1853.0,1853.0,1853.0,1853.0,0.0,0.0,75.0,1853.0
MA104,2020/04/23,2020/04/23 11:08:00,2020/04/23 11:09:00,1853.0,1853.0,1853.0,1853.0,0.0,0.0,75.0,1853.0
MA104,2020/04/23,2020/04/23 11:09:00,2020/04/23 11:10:00,1853.0,1853.0,1853.0,1853.0,0.0,0.0,75.0,1853.0
MA104,2020/04/23,2020/04/23 11:10:00,2020/04/23 11:11:00,1853.0,1853.0,1853.0,1853.0,0.0,0.0,75.0,1853.0
MA104,2020/04/23,2020/04/23 11:11:00,2020/04/23 11:12:00,1853.0,1853.0,1853.0,1853.0,0.0,0.0,75.0,1853.0
MA104,2020/04/23,2020/04/23 11:12:00,2020/04/23 11:13:00,1853.0,1853.0,1853.0,1853.0,0.0,0.0,75.0,1853.0
MA104,2020/04/23,2020/04/23 11:13:00,2020/04/23 11:14:00,1853.0,1853.0,1853.0,1853.0,0.0,0.0,75.0,1853.0
MA104,2020/04/23,2020/04/23 11:14:00,2020/04/23 11:15:00,1853.0,1853.0,1853.0,1853.0,0.0,0.0,75.0,1853.0
MA104,2020/04/23,2020/04/23 11:15:00,2020/04/23 11:16:00,1853.0,1853.0,1853.0,1853.0,0.0,0.0,75.0,1853.0
MA104,2020/04/23,2020/04/23 11:16:00,2020/04/23 11:17:00,1853.0,1853.0,1853.0,1853.0,0.0,0.0,75.0,1853.0
MA104,2020/04/23,2020/04/23 11:17:00,2020/04/23 11:18:00,1853.0,1853.0,1853.0,1853.0,0.0,0.0,75.0,1853.0
MA104,2020/04/23,2020/04/23 11:18:00,2020/04/23 11:19:00,1853.0,1853.0,1853.0,1853.0,0.0,0.0,75.0,1853.0
MA104,2020/04/23,2020/04/23 11:19:00,2020/04/23 11:20:00,1853.0,1853.0,1853.0,1853.0,0.0,0.0,75.0,1853.0
MA104,2020/04/23,2020/04/23 11:20:00,2020/04/23 11:21:00,1853.0,1853.0,1853.0,1853.0,0.0,0.0,75.0,1853.0
MA104,2020/04/23,2020/04/23 11:21:00,2020/04/23 11:22:00,1853.0,1853.0,1853.0,1853.0,0.0,0.0,75.0,1853.0
MA104,2020/04/23,2020/04/23 11:22:00,2020/04/23 11:23:00,1853.0,1853.0,1853.0,1853.0,0.0,0.0,75.0,1853.0
MA104,2020/04/23,2020/04/23 11:23:00,2020/04/23 11:24:00,1853.0,1853.0,1853.0,1853.0,0.0,0.0,75.0,1853.0
MA104,2020/04/23,2020/04/23 11:24:00,2020/04/23 11:25:00,1853.0,1853.0,1853.0,1853.0,0.0,0.0,75.0,1853.0
MA104,2020/04/23,2020/04/23 11:25:00,2020/04/23 11:26:00,1853.0,1853.0,1853.0,1853.0,0.0,0.0,75.0,1853.0
MA104,2020/04/23,2020/04/23 11:26:00,2020/04/23 11:27:00,1853.0,1853.0,1853.0,1853.0,0.0,0.0,75.0,1853.0
MA104,2020/04/23,2020/04/23 11:27:00,2020/04/23 11:28:00,1853.0,1853.0,1853.0,1853.0,0.0,0.0,75.0,1853.0
MA104,2020/04/23,2020/04/23 11:28:00,2020/04/23 11:29:00,1853.0,1853.0,1853.0,1853.0,0.0,0.0,75.0,1853.0
MA104,2020/04/23,2020/04/23 11:29:00,2020/04/23 11:30:00,1853.0,1853.0,1853.0,1853.0,0.0,0.0,75.0,1853.0
MA104,2020/04/23,2020/04/23 13:30:00,2020/04/23 13:31:00,1853.0,1853.0,1853.0,1853.0,0.0,0.0,75.0,1853.0
MA104,2020/04/23,2020/04/23 13:31:00,2020/04/23 13:32:00,1853.0,1853.0,1853.0,1853.0,0.0,0.0,75.0,1853.0
MA104,2020/04/23,2020/04/23 13:32:00,2020/04/23 13:33:00,1853.0,1853.0,1853.0,1853.0,0.0,0.0,75.0,1853.0
MA104,2020/04/23,2020/04/23 13:33:00,2020/04/23 13:34:00,1853.0,1853.0,1853.0,1853.0,0.0,0.0,75.0,1853.0
MA104,2020/04/23,2020/04/23 13:34:00,2020/04/23 13:35:00,1853.0,1853.0,1853.0,1853.0,0.0,0.0,75.0,1853.0
MA104,2020/04/23,2020/04/23 13:35:00,2020/04/23 13:36:00,1853.0,1853.0,1853.0,1853.0,0.0,0.0,75.0,1853.0
MA104,2020/04/23,2020/04/23 13:36:00,2020/04/23 13:37:00,1853.0,1853.0,1853.0,1853.0,0.0,0.0,75.0,1853.0
MA104,2020/04/23,2020/04/23 13:37:00,2020/04/23 13:38:00,1853.0,1853.0,1853.0,1853.0,0.0,0.0,75.0,1853.0
MA104,2020/04/23,2020/04/23 13:38:00,2020/04/23 13:39:00,1853.0,1853.0,1853.0,1853.0,0.0,0.0,75.0,1853.0
MA104,2020/04/23,2020/04/23 13:39:00,2020/04/23 13:40:00,1853.0,1853.0,1853.0,1853.0,0.0,0.0,75.0,1853.0
MA104,2020/04/23,2020/04/23 13:40:00,2020/04/23 13:41:00,1853.0,1853.0,1853.0,1853.0,0.0,0.0,75.0,1853.0
MA104,2020/04/23,2020/04/23 13:41:00,2020/04/23 13:42:00,1853.0,1853.0,1853.0,1853.0,0.0,0.0,75.0,1853.0
MA104,2020/04/23,2020/04/23 13:42:00,2020/04/23 13:43:00,1853.0,1853.0,1853.0,1853.0,0.0,0.0,75.0,1853.0
MA104,2020/04/23,2020/04/23 13:43:00,2020/04/23 13:44:00,1853.0,1853.0,1853.0,1853.0,0.0,0.0,75.0,1853.0
MA104,2020/04/23,2020/04/23 13:44:00,2020/04/23 13:45:00,1853.0,1853.0,1853.0,1853.0,0.0,0.0,75.0,1853.0
MA104,2020/04/23,2020/04/23 13:45:00,2020/04/23 13:46:00,1853.0,1853.0,1853.0,1853.0,0.0,0.0,75.0,1853.0
MA104,2020/04/23,2020/04/23 13:46:00,2020/04/23 13:47:00,1853.0,1853.0,1853.0,1853.0,0.0,0.0,75.0,1853.0
MA104,2020/04/23,2020/04/23 13:47:00,2020/04/23 13:48:00,1853.0,1853.0,1853.0,1853.0,0.0,0.0,75.0,1853.0
MA104,2020/04/23,2020/04/23 13:48:00,2020/04/23 13:49:00,1853.0,1853.0,1853.0,1853.0,0.0,0.0,75.0,1853.0
MA104,2020/04/23,2020/04/23 13:49:00,2020/04/23 13:50:00,1853.0,1853.0,1853.0,1853.0,0.0,0.0,75.0,1853.0
MA104,2020/04/23,2020/04/23 13:50:00,2020/04/23 13:51:00,1853.0,1853.0,1853.0,1853.0,0.0,0.0,75.0,1853.0
MA104,2020/04/23,2020/04/23 13:51:00,2020/04/23 13:52:00,1853.0,1853.0,1853.0,1853.0,0.0,0.0,75.0,1853.0
MA104,2020/04/23,2020/04/23 13:52:00,2020/04/23 13:53:00,1853.0,1853.0,1853.0,1853.0,0.0,0.0,75.0,1853.0
MA104,2020/04/23,2020/04/23 13:53:00,2020/04/23 13:54:00,1853.0,1853.0,1853.0,1853.0,0.0,0.0,75.0,1853.0
MA104,2020/04/23,2020/04/23 13:54:00,2020/04/23 13:55:00,1853.0,1853.0,1853.0,1853.0,0.0,0.0,75.0,1853.0
MA104,2020/04/23,2020/04/23 13:55:00,2020/04/23 13:56:00,1853.0,1853.0,1853.0,1853.0,0.0,0.0,75.0,1853.0
MA104,2020/04/23,2020/04/23 13:56:00,2020/04/23 13:57:00,1853.0,1853.0,1853.0,1853.0,0.0,0.0,75.0,1853.0
MA104,2020/04/23,2020/04/23 13:57:00,2020/04/23 13:58:00,1853.0,1853.0,1853.0,1853.0,0.0,0.0,75.0,1853.0
MA104,2020/04/23,2020/04/23 13:58:00,2020/04/23 13:59:00,1853.0,1853.0,1853.0,1853.0,0.0,0.0,75.0,1853.0
MA104,2020/04/23,2020/04/23 13:59:00,2020/04/23 14:00:00,1853.0,1853.0,1853.0,1853.0,0.0,0.0,75.0,1853.0
MA104,2020/04/23,2020/04/23 14:00:00,2020/04/23 14:01:00,1853.0,1853.0,1853.0,1853.0,0.0,0.0,75.0,1853.0
MA104,2020/04/23,2020/04/23 14:01:00,2020/04/23 14:02:00,1853.0,1853.0,1853.0,1853.0,0.0,0.0,75.0,1853.0
MA104,2020/04/23,2020/04/23 14:02:00,2020/04/23 14:03:00,1853.0,1853.0,1853.0,1853.0,0.0,0.0,75.0,1853.0
MA104,2020/04/23,2020/04/23 14:03:00,2020/04/23 14:04:00,1853.0,1853.0,1853.0,1853.0,0.0,0.0,75.0,1853.0
MA104,2020/04/23,2020/04/23 14:04:00,2020/04/23 14:05:00,1853.0,1853.0,1853.0,1853.0,0.0,0.0,75.0,1853.0
MA104,2020/04/23,2020/04/23 14:05:00,2020/04/23 14:06:00,1853.0,1853.0,1853.0,1853.0,0.0,0.0,75.0,1853.0
MA104,2020/04/23,2020/04/23 14:06:00,2020/04/23 14:07:00,1853.0,1853.0,1853.0,1853.0,0.0,0.0,75.0,1853.0
MA104,2020/04/23,2020/04/23 14:07:00,2020/04/23 14:08:00,1853.0,1853.0,1853.0,1853.0,0.0,0.0,75.0,1853.0
MA104,2020/04/23,2020/04/23 14:08:00,2020/04/23 14:09:00,1853.0,1853.0,1853.0,1853.0,0.0,0.0,75.0,1853.0
MA104,2020/04/23,2020/04/23 14:09:00,2020/04/23 14:10:00,1853.0,1853.0,1853.0,1853.0,0.0,0.0,75.0,1853.0
MA104,2020/04/23,2020/04/23 14:10:00,2020/04/23 14:11:00,1853.0,1853.0,1853.0,1853.0,0.0,0.0,75.0,1853.0
MA104,2020/04/23,2020/04/23 14:11:00,2020/04/23 14:12:00,1853.0,1853.0,1853.0,1853.0,0.0,0.0,75.0,1853.0
MA104,2020/04/23,2020/04/23 14:12:00,2020/04/23 14:13:00,1853.0,1853.0,1853.0,1853.0,0.0,0.0,75.0,1853.0
MA104,2020/04/23,2020/04/23 14:13:00,2020/04/23 14:14:00,1853.0,1853.0,1853.0,1853.0,0.0,0.0,75.0,1853.0
MA104,2020/04/23,2020/04/23 14:14:00,2020/04/23 14:15:00,1853.0,1853.0,1853.0,1853.0,0.0,0.0,75.0,1853.0
MA104,2020/04/23,2020/04/23 14:15:00,2020/04/23 14:16:00,1853.0,1853.0,1853.0,1853.0,0.0,0.0,75.0,1853.0
MA104,2020/04/23,2020/04/23 14:16:00,2020/04/23 14:17:00,1853.0,1853.0,1853.0,1853.0,0.0,0.0,75.0,1853.0
MA104,2020/04/23,2020/04/23 14:17:00,2020/04/23 14:18:00,1853.0,1853.0,1853.0,1853.0,0.0,0.0,75.0,1853.0
MA104,2020/04/23,2020/04/23 14:18:00,2020/04/23 14:19:00,1853.0,1853.0,1853.0,1853.0,0.0,0.0,75.0,1853.0
MA104,2020/04/23,2020/04/23 14:19:00,2020/04/23 14:20:00,1917.0,1917.0,1917.0,1917.0,1.0,1917.0,76.0,1853.0
MA104,2020/04/23,2020/04/23 14:20:00,2020/04/23 14:21:00,1917.0,1917.0,1917.0,1917.0,0.0,0.0,76.0,1917.0
MA104,2020/04/23,2020/04/23 14:21:00,2020/04/23 14:22:00,1917.0,1917.0,1917.0,1917.0,0.0,0.0,76.0,1917.0
MA104,2020/04/23,2020/04/23 14:22:00,2020/04/23 14:23:00,1917.0,1917.0,1917.0,1917.0,0.0,0.0,76.0,1917.0
MA104,2020/04/23,2020/04/23 14:23:00,2020/04/23 14:24:00,1917.0,1917.0,1917.0,1917.0,0.0,0.0,76.0,1917.0
MA104,2020/04/23,2020/04/23 14:24:00,2020/04/23 14:25:00,1917.0,1917.0,1917.0,1917.0,0.0,0.0,76.0,1917.0
MA104,2020/04/23,2020/04/23 14:25:00,2020/04/23 14:26:00,1917.0,1917.0,1917.0,1917.0,0.0,0.0,76.0,1917.0
MA104,2020/04/23,2020/04/23 14:26:00,2020/04/23 14:27:00,1917.0,1917.0,1917.0,1917.0,0.0,0.0,76.0,1917.0
MA104,2020/04/23,2020/04/23 14:27:00,2020/04/23 14:28:00,1917.0,1917.0,1917.0,1917.0,0.0,0.0,76.0,1917.0
MA104,2020/04/23,2020/04/23 14:28:00,2020/04/23 14:29:00,1917.0,1917.0,1917.0,1917.0,0.0,0.0,76.0,1917.0
MA104,2020/04/23,2020/04/23 14:29:00,2020/04/23 14:30:00,1917.0,1917.0,1917.0,1917.0,0.0,0.0,76.0,1917.0
MA104,2020/04/23,2020/04/23 14:30:00,2020/04/23 14:31:00,1917.0,1917.0,1917.0,1917.0,0.0,0.0,76.0,1917.0
MA104,2020/04/23,2020/04/23 14:31:00,2020/04/23 14:32:00,1917.0,1917.0,1917.0,1917.0,0.0,0.0,76.0,1917.0
MA104,2020/04/23,2020/04/23 14:32:00,2020/04/23 14:33:00,1917.0,1917.0,1917.0,1917.0,0.0,0.0,76.0,1917.0
MA104,2020/04/23,2020/04/23 14:33:00,2020/04/23 14:34:00,1917.0,1917.0,1917.0,1917.0,0.0,0.0,76.0,1917.0
MA104,2020/04/23,2020/04/23 14:34:00,2020/04/23 14:35:00,1917.0,1917.0,1917.0,1917.0,0.0,0.0,76.0,1917.0
MA104,2020/04/23,2020/04/23 14:35:00,2020/04/23 14:36:00,1917.0,1917.0,1917.0,1917.0,0.0,0.0,76.0,1917.0
MA104,2020/04/23,2020/04/23 14:36:00,2020/04/23 14:37:00,1917.0,1917.0,1917.0,1917.0,0.0,0.0,76.0,1917.0
MA104,2020/04/23,2020/04/23 14:37:00,2020/04/23 14:38:00,1917.0,1917.0,1917.0,1917.0,0.0,0.0,76.0,1917.0
MA104,2020/04/23,2020/04/23 14:38:00,2020/04/23 14:39:00,1917.0,1917.0,1917.0,1917.0,0.0,0.0,76.0,1917.0
MA104,2020/04/23,2020/04/23 14:39:00,2020/04/23 14:40:00,1917.0,1917.0,1917.0,1917.0,0.0,0.0,76.0,1917.0
MA104,2020/04/23,2020/04/23 14:40:00,2020/04/23 14:41:00,1917.0,1917.0,1917.0,1917.0,0.0,0.0,76.0,1917.0
MA104,2020/04/23,2020/04/23 14:41:00,2020/04/23 14:42:00,1917.0,1917.0,1917.0,1917.0,0.0,0.0,76.0,1917.0
MA104,2020/04/23,2020/04/23 14:42:00,2020/04/23 14:43:00,1917.0,1917.0,1917.0,1917.0,0.0,0.0,76.0,1917.0
MA104,2020/04/23,2020/04/23 14:43:00,2020/04/23 14:44:00,1917.0,1917.0,1917.0,1917.0,0.0,0.0,76.0,1917.0
MA104,2020/04/23,2020/04/23 14:44:00,2020/04/23 14:45:00,1917.0,1917.0,1917.0,1917.0,0.0,0.0,76.0,1917.0
MA104,2020/04/23,2020/04/23 14:45:00,2020/04/23 14:46:00,1917.0,1917.0,1917.0,1917.0,0.0,0.0,76.0,1917.0
MA104,2020/04/23,2020/04/23 14:46:00,2020/04/23 14:47:00,1917.0,1917.0,1917.0,1917.0,0.0,0.0,76.0,1917.0
MA104,2020/04/23,2020/04/23 14:47:00,2020/04/23 14:48:00,1917.0,1917.0,1917.0,1917.0,0.0,0.0,76.0,1917.0
MA104,2020/04/23,2020/04/23 14:48:00,2020/04/23 14:49:00,1917.0,1917.0,1917.0,1917.0,0.0,0.0,76.0,1917.0
MA104,2020/04/23,2020/04/23 14:49:00,2020/04/23 14:50:00,1917.0,1917.0,1917.0,1917.0,0.0,0.0,76.0,1917.0
MA104,2020/04/23,2020/04/23 14:50:00,2020/04/23 14:51:00,1917.0,1917.0,1917.0,1917.0,0.0,0.0,76.0,1917.0
MA104,2020/04/23,2020/04/23 14:51:00,2020/04/23 14:52:00,1917.0,1917.0,1917.0,1917.0,0.0,0.0,76.0,1917.0
MA104,2020/04/23,2020/04/23 14:52:00,2020/04/23 14:53:00,1917.0,1917.0,1917.0,1917.0,0.0,0.0,76.0,1917.0
MA104,2020/04/23,2020/04/23 14:53:00,2020/04/23 14:54:00,1917.0,1917.0,1917.0,1917.0,0.0,0.0,76.0,1917.0
MA104,2020/04/23,2020/04/23 14:54:00,2020/04/23 14:55:00,1917.0,1917.0,1917.0,1917.0,0.0,0.0,76.0,1917.0
MA104,2020/04/23,2020/04/23 14:55:00,2020/04/23 14:56:00,1917.0,1917.0,1917.0,1917.0,0.0,0.0,76.0,1917.0
MA104,2020/04/23,2020/04/23 14:56:00,2020/04/23 14:57:00,1917.0,1917.0,1917.0,1917.0,0.0,0.0,76.0,1917.0
MA104,2020/04/23,2020/04/23 14:57:00,2020/04/23 14:58:00,1917.0,1917.0,1917.0,1917.0,0.0,0.0,76.0,1917.0
MA104,2020/04/23,2020/04/23 14:58:00,2020/04/23 14:59:00,1917.0,1917.0,1917.0,1917.0,0.0,0.0,76.0,1917.0
MA104,2020/04/23,2020/04/23 14:59:00,2020/04/23 14:59:57,1917.0,1917.0,1917.0,1917.0,0.0,0.0,76.0,1917.0
MA104,2020/04/27,2020/04/27 09:00:00,2020/04/27 09:01:00,1920.0,1920.0,1920.0,1920.0,0.0,0.0,76.0,1920.0
MA104,2020/04/27,2020/04/27 09:01:00,2020/04/27 09:02:00,1920.0,1920.0,1920.0,1920.0,0.0,0.0,76.0,1920.0
MA104,2020/04/27,2020/04/27 09:02:00,2020/04/27 09:03:00,1920.0,1920.0,1920.0,1920.0,0.0,0.0,76.0,1920.0
MA104,2020/04/27,2020/04/27 09:03:00,2020/04/27 09:04:00,1920.0,1920.0,1920.0,1920.0,0.0,0.0,76.0,1920.0
MA104,2020/04/27,2020/04/27 09:04:00,2020/04/27 09:05:00,1920.0,1920.0,1920.0,1920.0,0.0,0.0,76.0,1920.0
MA104,2020/04/27,2020/04/27 09:05:00,2020/04/27 09:06:00,1920.0,1920.0,1920.0,1920.0,0.0,0.0,76.0,1920.0
MA104,2020/04/27,2020/04/27 09:06:00,2020/04/27 09:07:00,1920.0,1920.0,1920.0,1920.0,0.0,0.0,76.0,1920.0
MA104,2020/04/27,2020/04/27 09:07:00,2020/04/27 09:08:00,1920.0,1920.0,1920.0,1920.0,0.0,0.0,76.0,1920.0
MA104,2020/04/27,2020/04/27 09:08:00,2020/04/27 09:09:00,1920.0,1920.0,1920.0,1920.0,0.0,0.0,76.0,1920.0
MA104,2020/04/27,2020/04/27 09:09:00,2020/04/27 09:10:00,1920.0,1920.0,1920.0,1920.0,0.0,0.0,76.0,1920.0
MA104,2020/04/27,2020/04/27 09:10:00,2020/04/27 09:11:00,1920.0,1920.0,1920.0,1920.0,0.0,0.0,76.0,1920.0
MA104,2020/04/27,2020/04/27 09:11:00,2020/04/27 09:12:00,1920.0,1920.0,1920.0,1920.0,0.0,0.0,76.0,1920.0
MA104,2020/04/27,2020/04/27 09:12:00,2020/04/27 09:13:00,1920.0,1920.0,1920.0,1920.0,0.0,0.0,76.0,1920.0
MA104,2020/04/27,2020/04/27 09:13:00,2020/04/27 09:14:00,1920.0,1920.0,1920.0,1920.0,0.0,0.0,76.0,1920.0
MA104,2020/04/27,2020/04/27 09:14:00,2020/04/27 09:15:00,1920.0,1920.0,1920.0,1920.0,0.0,0.0,76.0,1920.0
MA104,2020/04/27,2020/04/27 09:15:00,2020/04/27 09:16:00,1920.0,1920.0,1920.0,1920.0,0.0,0.0,76.0,1920.0
MA104,2020/04/27,2020/04/27 09:16:00,2020/04/27 09:17:00,1920.0,1920.0,1920.0,1920.0,0.0,0.0,76.0,1920.0
MA104,2020/04/27,2020/04/27 09:17:00,2020/04/27 09:18:00,1920.0,1920.0,1920.0,1920.0,0.0,0.0,76.0,1920.0
MA104,2020/04/27,2020/04/27 09:18:00,2020/04/27 09:19:00,1920.0,1920.0,1920.0,1920.0,0.0,0.0,76.0,1920.0
MA104,2020/04/27,2020/04/27 09:19:00,2020/04/27 09:20:00,1920.0,1920.0,1920.0,1920.0,0.0,0.0,76.0,1920.0
MA104,2020/04/27,2020/04/27 09:20:00,2020/04/27 09:21:00,1920.0,1920.0,1920.0,1920.0,0.0,0.0,76.0,1920.0
MA104,2020/04/27,2020/04/27 09:21:00,2020/04/27 09:22:00,1920.0,1920.0,1920.0,1920.0,0.0,0.0,76.0,1920.0
MA104,2020/04/27,2020/04/27 09:22:00,2020/04/27 09:23:00,1920.0,1920.0,1920.0,1920.0,0.0,0.0,76.0,1920.0
MA104,2020/04/27,2020/04/27 09:23:00,2020/04/27 09:24:00,1920.0,1920.0,1920.0,1920.0,0.0,0.0,76.0,1920.0
MA104,2020/04/27,2020/04/27 09:24:00,2020/04/27 09:25:00,1920.0,1920.0,1920.0,1920.0,0.0,0.0,76.0,1920.0
MA104,2020/04/27,2020/04/27 09:25:00,2020/04/27 09:26:00,1920.0,1920.0,1920.0,1920.0,0.0,0.0,76.0,1920.0
MA104,2020/04/27,2020/04/27 09:26:00,2020/04/27 09:27:00,1920.0,1920.0,1920.0,1920.0,0.0,0.0,76.0,1920.0
MA104,2020/04/27,2020/04/27 09:27:00,2020/04/27 09:28:00,1920.0,1920.0,1920.0,1920.0,0.0,0.0,76.0,1920.0
MA104,2020/04/27,2020/04/27 09:28:00,2020/04/27 09:29:00,1920.0,1920.0,1920.0,1920.0,0.0,0.0,76.0,1920.0
MA104,2020/04/27,2020/04/27 09:29:00,2020/04/27 09:30:00,1920.0,1920.0,1920.0,1920.0,0.0,0.0,76.0,1920.0
MA104,2020/04/27,2020/04/27 09:30:00,2020/04/27 09:31:00,1920.0,1920.0,1920.0,1920.0,0.0,0.0,76.0,1920.0
MA104,2020/04/27,2020/04/27 09:31:00,2020/04/27 09:32:00,1920.0,1920.0,1920.0,1920.0,0.0,0.0,76.0,1920.0
MA104,2020/04/27,2020/04/27 09:32:00,2020/04/27 09:33:00,1920.0,1920.0,1920.0,1920.0,0.0,0.0,76.0,1920.0
MA104,2020/04/27,2020/04/27 09:33:00,2020/04/27 09:34:00,1920.0,1920.0,1920.0,1920.0,0.0,0.0,76.0,1920.0
MA104,2020/04/27,2020/04/27 09:34:00,2020/04/27 09:35:00,1920.0,1920.0,1920.0,1920.0,0.0,0.0,76.0,1920.0
MA104,2020/04/27,2020/04/27 09:35:00,2020/04/27 09:36:00,1920.0,1920.0,1920.0,1920.0,0.0,0.0,76.0,1920.0
MA104,2020/04/27,2020/04/27 09:36:00,2020/04/27 09:37:00,1920.0,1920.0,1920.0,1920.0,0.0,0.0,76.0,1920.0
MA104,2020/04/27,2020/04/27 09:37:00,2020/04/27 09:38:00,1920.0,1920.0,1920.0,1920.0,0.0,0.0,76.0,1920.0
MA104,2020/04/27,2020/04/27 09:38:00,2020/04/27 09:39:00,1920.0,1920.0,1920.0,1920.0,0.0,0.0,76.0,1920.0
MA104,2020/04/27,2020/04/27 09:39:00,2020/04/27 09:40:00,1920.0,1920.0,1920.0,1920.0,0.0,0.0,76.0,1920.0
MA104,2020/04/27,2020/04/27 09:40:00,2020/04/27 09:41:00,1920.0,1920.0,1920.0,1920.0,0.0,0.0,76.0,1920.0
MA104,2020/04/27,2020/04/27 09:41:00,2020/04/27 09:42:00,1920.0,1920.0,1920.0,1920.0,0.0,0.0,76.0,1920.0
MA104,2020/04/27,2020/04/27 09:42:00,2020/04/27 09:43:00,1920.0,1920.0,1920.0,1920.0,0.0,0.0,76.0,1920.0
MA104,2020/04/27,2020/04/27 09:43:00,2020/04/27 09:44:00,1920.0,1920.0,1920.0,1920.0,0.0,0.0,76.0,1920.0
MA104,2020/04/27,2020/04/27 09:44:00,2020/04/27 09:45:00,1920.0,1920.0,1920.0,1920.0,0.0,0.0,76.0,1920.0
MA104,2020/04/27,2020/04/27 09:45:00,2020/04/27 09:46:00,1920.0,1920.0,1920.0,1920.0,0.0,0.0,76.0,1920.0
MA104,2020/04/27,2020/04/27 09:46:00,2020/04/27 09:47:00,1920.0,1920.0,1920.0,1920.0,0.0,0.0,76.0,1920.0
MA104,2020/04/27,2020/04/27 09:47:00,2020/04/27 09:48:00,1920.0,1920.0,1920.0,1920.0,0.0,0.0,76.0,1920.0
MA104,2020/04/27,2020/04/27 09:48:00,2020/04/27 09:49:00,1920.0,1920.0,1920.0,1920.0,0.0,0.0,76.0,1920.0
MA104,2020/04/27,2020/04/27 09:49:00,2020/04/27 09:50:00,1920.0,1920.0,1920.0,1920.0,0.0,0.0,76.0,1920.0
MA104,2020/04/27,2020/04/27 09:50:00,2020/04/27 09:51:00,1920.0,1920.0,1920.0,1920.0,0.0,0.0,76.0,1920.0
MA104,2020/04/27,2020/04/27 09:51:00,2020/04/27 09:52:00,1920.0,1920.0,1920.0,1920.0,0.0,0.0,76.0,1920.0
MA104,2020/04/27,2020/04/27 09:52:00,2020/04/27 09:53:00,1920.0,1920.0,1920.0,1920.0,0.0,0.0,76.0,1920.0
MA104,2020/04/27,2020/04/27 09:53:00,2020/04/27 09:54:00,1920.0,1920.0,1920.0,1920.0,0.0,0.0,76.0,1920.0
MA104,2020/04/27,2020/04/27 09:54:00,2020/04/27 09:55:00,1920.0,1920.0,1920.0,1920.0,0.0,0.0,76.0,1920.0
MA104,2020/04/27,2020/04/27 09:55:00,2020/04/27 09:56:00,1920.0,1920.0,1920.0,1920.0,0.0,0.0,76.0,1920.0
MA104,2020/04/27,2020/04/27 09:56:00,2020/04/27 09:57:00,1920.0,1920.0,1920.0,1920.0,0.0,0.0,76.0,1920.0
MA104,2020/04/27,2020/04/27 09:57:00,2020/04/27 09:58:00,1920.0,1920.0,1920.0,1920.0,0.0,0.0,76.0,1920.0
MA104,2020/04/27,2020/04/27 09:58:00,2020/04/27 09:59:00,1920.0,1920.0,1920.0,1920.0,0.0,0.0,76.0,1920.0
MA104,2020/04/27,2020/04/27 09:59:00,2020/04/27 10:00:00,1920.0,1920.0,1920.0,1920.0,0.0,0.0,76.0,1920.0
MA104,2020/04/27,2020/04/27 10:00:00,2020/04/27 10:01:00,1920.0,1920.0,1920.0,1920.0,0.0,0.0,76.0,1920.0
MA104,2020/04/27,2020/04/27 10:01:00,2020/04/27 10:02:00,1920.0,1920.0,1920.0,1920.0,0.0,0.0,76.0,1920.0
MA104,2020/04/27,2020/04/27 10:02:00,2020/04/27 10:03:00,1920.0,1920.0,1920.0,1920.0,0.0,0.0,76.0,1920.0
MA104,2020/04/27,2020/04/27 10:03:00,2020/04/27 10:04:00,1920.0,1920.0,1920.0,1920.0,0.0,0.0,76.0,1920.0
MA104,2020/04/27,2020/04/27 10:04:00,2020/04/27 10:05:00,1920.0,1920.0,1920.0,1920.0,0.0,0.0,76.0,1920.0
MA104,2020/04/27,2020/04/27 10:05:00,2020/04/27 10:06:00,1920.0,1920.0,1920.0,1920.0,0.0,0.0,76.0,1920.0
MA104,2020/04/27,2020/04/27 10:06:00,2020/04/27 10:07:00,1920.0,1920.0,1920.0,1920.0,0.0,0.0,76.0,1920.0
MA104,2020/04/27,2020/04/27 10:07:00,2020/04/27 10:08:00,1920.0,1920.0,1920.0,1920.0,0.0,0.0,76.0,1920.0
MA104,2020/04/27,2020/04/27 10:08:00,2020/04/27 10:09:00,1920.0,1920.0,1920.0,1920.0,0.0,0.0,76.0,1920.0
MA104,2020/04/27,2020/04/27 10:09:00,2020/04/27 10:10:00,1920.0,1920.0,1920.0,1920.0,0.0,0.0,76.0,1920.0
MA104,2020/04/27,2020/04/27 10:10:00,2020/04/27 10:11:00,1920.0,1920.0,1920.0,1920.0,0.0,0.0,76.0,1920.0
MA104,2020/04/27,2020/04/27 10:11:00,2020/04/27 10:12:00,1920.0,1920.0,1920.0,1920.0,0.0,0.0,76.0,1920.0
MA104,2020/04/27,2020/04/27 10:12:00,2020/04/27 10:13:00,1920.0,1920.0,1920.0,1920.0,0.0,0.0,76.0,1920.0
MA104,2020/04/27,2020/04/27 10:13:00,2020/04/27 10:14:00,1920.0,1920.0,1920.0,1920.0,0.0,0.0,76.0,1920.0
MA104,2020/04/27,2020/04/27 10:14:00,2020/04/27 10:15:00,1920.0,1920.0,1920.0,1920.0,0.0,0.0,76.0,1920.0
MA104,2020/04/27,2020/04/27 10:30:00,2020/04/27 10:31:00,1920.0,1920.0,1920.0,1920.0,0.0,0.0,76.0,1920.0
MA104,2020/04/27,2020/04/27 10:31:00,2020/04/27 10:32:00,1920.0,1920.0,1920.0,1920.0,0.0,0.0,76.0,1920.0
MA104,2020/04/27,2020/04/27 10:32:00,2020/04/27 10:33:00,1920.0,1920.0,1920.0,1920.0,0.0,0.0,76.0,1920.0
MA104,2020/04/27,2020/04/27 10:33:00,2020/04/27 10:34:00,1920.0,1920.0,1920.0,1920.0,0.0,0.0,76.0,1920.0
MA104,2020/04/27,2020/04/27 10:34:00,2020/04/27 10:35:00,1920.0,1920.0,1920.0,1920.0,0.0,0.0,76.0,1920.0
MA104,2020/04/27,2020/04/27 10:35:00,2020/04/27 10:36:00,1920.0,1920.0,1920.0,1920.0,0.0,0.0,76.0,1920.0
MA104,2020/04/27,2020/04/27 10:36:00,2020/04/27 10:37:00,1920.0,1920.0,1920.0,1920.0,0.0,0.0,76.0,1920.0
MA104,2020/04/27,2020/04/27 10:37:00,2020/04/27 10:38:00,1920.0,1920.0,1920.0,1920.0,0.0,0.0,76.0,1920.0
MA104,2020/04/27,2020/04/27 10:38:00,2020/04/27 10:39:00,1920.0,1920.0,1920.0,1920.0,0.0,0.0,76.0,1920.0
MA104,2020/04/27,2020/04/27 10:39:00,2020/04/27 10:40:00,1920.0,1920.0,1920.0,1920.0,0.0,0.0,76.0,1920.0
MA104,2020/04/27,2020/04/27 10:40:00,2020/04/27 10:41:00,1920.0,1920.0,1920.0,1920.0,0.0,0.0,76.0,1920.0
MA104,2020/04/27,2020/04/27 10:41:00,2020/04/27 10:42:00,1920.0,1920.0,1920.0,1920.0,0.0,0.0,76.0,1920.0
MA104,2020/04/27,2020/04/27 10:42:00,2020/04/27 10:43:00,1920.0,1920.0,1920.0,1920.0,0.0,0.0,76.0,1920.0
MA104,2020/04/27,2020/04/27 10:43:00,2020/04/27 10:44:00,1920.0,1920.0,1920.0,1920.0,0.0,0.0,76.0,1920.0
MA104,2020/04/27,2020/04/27 10:44:00,2020/04/27 10:45:00,1920.0,1920.0,1920.0,1920.0,0.0,0.0,76.0,1920.0
MA104,2020/04/27,2020/04/27 10:45:00,2020/04/27 10:46:00,1920.0,1920.0,1920.0,1920.0,0.0,0.0,76.0,1920.0
MA104,2020/04/27,2020/04/27 10:46:00,2020/04/27 10:47:00,1920.0,1920.0,1920.0,1920.0,0.0,0.0,76.0,1920.0
MA104,2020/04/27,2020/04/27 10:47:00,2020/04/27 10:48:00,1920.0,1920.0,1920.0,1920.0,0.0,0.0,76.0,1920.0
MA104,2020/04/27,2020/04/27 10:48:00,2020/04/27 10:49:00,1920.0,1920.0,1920.0,1920.0,0.0,0.0,76.0,1920.0
MA104,2020/04/27,2020/04/27 10:49:00,2020/04/27 10:50:00,1920.0,1920.0,1920.0,1920.0,0.0,0.0,76.0,1920.0
MA104,2020/04/27,2020/04/27 10:50:00,2020/04/27 10:51:00,1920.0,1920.0,1920.0,1920.0,0.0,0.0,76.0,1920.0
MA104,2020/04/27,2020/04/27 10:51:00,2020/04/27 10:52:00,1920.0,1920.0,1920.0,1920.0,0.0,0.0,76.0,1920.0
MA104,2020/04/27,2020/04/27 10:52:00,2020/04/27 10:53:00,1920.0,1920.0,1920.0,1920.0,0.0,0.0,76.0,1920.0
MA104,2020/04/27,2020/04/27 10:53:00,2020/04/27 10:54:00,1920.0,1920.0,1920.0,1920.0,0.0,0.0,76.0,1920.0
MA104,2020/04/27,2020/04/27 10:54:00,2020/04/27 10:55:00,1920.0,1920.0,1920.0,1920.0,0.0,0.0,76.0,1920.0
MA104,2020/04/27,2020/04/27 10:55:00,2020/04/27 10:56:00,1920.0,1920.0,1920.0,1920.0,0.0,0.0,76.0,1920.0
MA104,2020/04/27,2020/04/27 10:56:00,2020/04/27 10:57:00,1920.0,1920.0,1920.0,1920.0,0.0,0.0,76.0,1920.0
MA104,2020/04/27,2020/04/27 10:57:00,2020/04/27 10:58:00,1920.0,1920.0,1920.0,1920.0,0.0,0.0,76.0,1920.0
MA104,2020/04/27,2020/04/27 10:58:00,2020/04/27 10:59:00,1920.0,1920.0,1920.0,1920.0,0.0,0.0,76.0,1920.0
MA104,2020/04/27,2020/04/27 10:59:00,2020/04/27 11:00:00,1920.0,1920.0,1920.0,1920.0,0.0,0.0,76.0,1920.0
MA104,2020/04/27,2020/04/27 11:00:00,2020/04/27 11:01:00,1920.0,1920.0,1920.0,1920.0,0.0,0.0,76.0,1920.0
MA104,2020/04/27,2020/04/27 11:01:00,2020/04/27 11:02:00,1920.0,1920.0,1920.0,1920.0,0.0,0.0,76.0,1920.0
MA104,2020/04/27,2020/04/27 11:02:00,2020/04/27 11:03:00,1920.0,1920.0,1920.0,1920.0,0.0,0.0,76.0,1920.0
MA104,2020/04/27,2020/04/27 11:03:00,2020/04/27 11:04:00,1920.0,1920.0,1920.0,1920.0,0.0,0.0,76.0,1920.0
MA104,2020/04/27,2020/04/27 11:04:00,2020/04/27 11:05:00,1920.0,1920.0,1920.0,1920.0,0.0,0.0,76.0,1920.0
MA104,2020/04/27,2020/04/27 11:05:00,2020/04/27 11:06:00,1920.0,1920.0,1920.0,1920.0,0.0,0.0,76.0,1920.0
MA104,2020/04/27,2020/04/27 11:06:00,2020/04/27 11:07:00,1920.0,1920.0,1920.0,1920.0,0.0,0.0,76.0,1920.0
MA104,2020/04/27,2020/04/27 11:07:00,2020/04/27 11:08:00,1920.0,1920.0,1920.0,1920.0,0.0,0.0,76.0,1920.0
MA104,2020/04/27,2020/04/27 11:08:00,2020/04/27 11:09:00,1920.0,1920.0,1920.0,1920.0,0.0,0.0,76.0,1920.0
MA104,2020/04/27,2020/04/27 11:09:00,2020/04/27 11:10:00,1920.0,1920.0,1920.0,1920.0,0.0,0.0,76.0,1920.0
MA104,2020/04/27,2020/04/27 11:10:00,2020/04/27 11:11:00,1920.0,1920.0,1920.0,1920.0,0.0,0.0,76.0,1920.0
MA104,2020/04/27,2020/04/27 11:11:00,2020/04/27 11:12:00,1920.0,1920.0,1920.0,1920.0,0.0,0.0,76.0,1920.0
MA104,2020/04/27,2020/04/27 11:12:00,2020/04/27 11:13:00,1920.0,1920.0,1920.0,1920.0,0.0,0.0,76.0,1920.0
MA104,2020/04/27,2020/04/27 11:13:00,2020/04/27 11:14:00,1920.0,1920.0,1920.0,1920.0,0.0,0.0,76.0,1920.0
MA104,2020/04/27,2020/04/27 11:14:00,2020/04/27 11:15:00,1920.0,1920.0,1920.0,1920.0,0.0,0.0,76.0,1920.0
MA104,2020/04/27,2020/04/27 11:15:00,2020/04/27 11:16:00,1920.0,1920.0,1920.0,1920.0,0.0,0.0,76.0,1920.0
MA104,2020/04/27,2020/04/27 11:16:00,2020/04/27 11:17:00,1920.0,1920.0,1920.0,1920.0,0.0,0.0,76.0,1920.0
MA104,2020/04/27,2020/04/27 11:17:00,2020/04/27 11:18:00,1920.0,1920.0,1920.0,1920.0,0.0,0.0,76.0,1920.0
MA104,2020/04/27,2020/04/27 11:18:00,2020/04/27 11:19:00,1920.0,1920.0,1920.0,1920.0,0.0,0.0,76.0,1920.0
MA104,2020/04/27,2020/04/27 11:19:00,2020/04/27 11:20:00,1920.0,1920.0,1920.0,1920.0,0.0,0.0,76.0,1920.0
MA104,2020/04/27,2020/04/27 11:20:00,2020/04/27 11:21:00,1920.0,1920.0,1920.0,1920.0,0.0,0.0,76.0,1920.0
MA104,2020/04/27,2020/04/27 11:21:00,2020/04/27 11:22:00,1920.0,1920.0,1920.0,1920.0,0.0,0.0,76.0,1920.0
MA104,2020/04/27,2020/04/27 11:22:00,2020/04/27 11:23:00,1920.0,1920.0,1920.0,1920.0,0.0,0.0,76.0,1920.0
MA104,2020/04/27,2020/04/27 11:23:00,2020/04/27 11:24:00,1920.0,1920.0,1920.0,1920.0,0.0,0.0,76.0,1920.0
MA104,2020/04/27,2020/04/27 11:24:00,2020/04/27 11:25:00,1920.0,1920.0,1920.0,1920.0,0.0,0.0,76.0,1920.0
MA104,2020/04/27,2020/04/27 11:25:00,2020/04/27 11:26:00,1920.0,1920.0,1920.0,1920.0,0.0,0.0,76.0,1920.0
MA104,2020/04/27,2020/04/27 11:26:00,2020/04/27 11:27:00,1920.0,1920.0,1920.0,1920.0,0.0,0.0,76.0,1920.0
MA104,2020/04/27,2020/04/27 11:27:00,2020/04/27 11:28:00,1920.0,1920.0,1920.0,1920.0,0.0,0.0,76.0,1920.0
MA104,2020/04/27,2020/04/27 11:28:00,2020/04/27 11:29:00,1920.0,1920.0,1920.0,1920.0,0.0,0.0,76.0,1920.0
MA104,2020/04/27,2020/04/27 11:29:00,2020/04/27 11:30:00,1920.0,1920.0,1920.0,1920.0,0.0,0.0,76.0,1920.0
MA104,2020/04/27,2020/04/27 13:30:00,2020/04/27 13:31:00,1920.0,1920.0,1920.0,1920.0,0.0,0.0,76.0,1920.0
MA104,2020/04/27,2020/04/27 13:31:00,2020/04/27 13:32:00,1920.0,1920.0,1920.0,1920.0,0.0,0.0,76.0,1920.0
MA104,2020/04/27,2020/04/27 13:32:00,2020/04/27 13:33:00,1920.0,1920.0,1920.0,1920.0,0.0,0.0,76.0,1920.0
MA104,2020/04/27,2020/04/27 13:33:00,2020/04/27 13:34:00,1920.0,1920.0,1920.0,1920.0,0.0,0.0,76.0,1920.0
MA104,2020/04/27,2020/04/27 13:34:00,2020/04/27 13:35:00,1920.0,1920.0,1920.0,1920.0,0.0,0.0,76.0,1920.0
MA104,2020/04/27,2020/04/27 13:35:00,2020/04/27 13:36:00,1920.0,1920.0,1920.0,1920.0,0.0,0.0,76.0,1920.0
MA104,2020/04/27,2020/04/27 13:36:00,2020/04/27 13:37:00,1920.0,1920.0,1920.0,1920.0,0.0,0.0,76.0,1920.0
MA104,2020/04/27,2020/04/27 13:37:00,2020/04/27 13:38:00,1920.0,1920.0,1920.0,1920.0,0.0,0.0,76.0,1920.0
MA104,2020/04/27,2020/04/27 13:38:00,2020/04/27 13:39:00,1920.0,1920.0,1920.0,1920.0,0.0,0.0,76.0,1920.0
MA104,2020/04/27,2020/04/27 13:39:00,2020/04/27 13:40:00,1920.0,1920.0,1920.0,1920.0,0.0,0.0,76.0,1920.0
MA104,2020/04/27,2020/04/27 13:40:00,2020/04/27 13:41:00,1920.0,1920.0,1920.0,1920.0,0.0,0.0,76.0,1920.0
MA104,2020/04/27,2020/04/27 13:41:00,2020/04/27 13:42:00,1920.0,1920.0,1920.0,1920.0,0.0,0.0,76.0,1920.0
MA104,2020/04/27,2020/04/27 13:42:00,2020/04/27 13:43:00,1920.0,1920.0,1920.0,1920.0,0.0,0.0,76.0,1920.0
MA104,2020/04/27,2020/04/27 13:43:00,2020/04/27 13:44:00,1920.0,1920.0,1920.0,1920.0,0.0,0.0,76.0,1920.0
MA104,2020/04/27,2020/04/27 13:44:00,2020/04/27 13:45:00,1920.0,1920.0,1920.0,1920.0,0.0,0.0,76.0,1920.0
MA104,2020/04/27,2020/04/27 13:45:00,2020/04/27 13:46:00,1920.0,1920.0,1920.0,1920.0,0.0,0.0,76.0,1920.0
MA104,2020/04/27,2020/04/27 13:46:00,2020/04/27 13:47:00,1920.0,1920.0,1920.0,1920.0,0.0,0.0,76.0,1920.0
MA104,2020/04/27,2020/04/27 13:47:00,2020/04/27 13:48:00,1920.0,1920.0,1920.0,1920.0,0.0,0.0,76.0,1920.0
MA104,2020/04/27,2020/04/27 13:48:00,2020/04/27 13:49:00,1920.0,1920.0,1920.0,1920.0,0.0,0.0,76.0,1920.0
MA104,2020/04/27,2020/04/27 13:49:00,2020/04/27 13:50:00,1920.0,1920.0,1920.0,1920.0,0.0,0.0,76.0,1920.0
MA104,2020/04/27,2020/04/27 13:50:00,2020/04/27 13:51:00,1920.0,1920.0,1920.0,1920.0,0.0,0.0,76.0,1920.0
MA104,2020/04/27,2020/04/27 13:51:00,2020/04/27 13:52:00,1920.0,1920.0,1920.0,1920.0,0.0,0.0,76.0,1920.0
MA104,2020/04/27,2020/04/27 13:52:00,2020/04/27 13:53:00,1920.0,1920.0,1920.0,1920.0,0.0,0.0,76.0,1920.0
MA104,2020/04/27,2020/04/27 13:53:00,2020/04/27 13:54:00,1920.0,1920.0,1920.0,1920.0,0.0,0.0,76.0,1920.0
MA104,2020/04/27,2020/04/27 13:54:00,2020/04/27 13:55:00,1920.0,1920.0,1920.0,1920.0,0.0,0.0,76.0,1920.0
MA104,2020/04/27,2020/04/27 13:55:00,2020/04/27 13:56:00,1920.0,1920.0,1920.0,1920.0,0.0,0.0,76.0,1920.0
MA104,2020/04/27,2020/04/27 13:56:00,2020/04/27 13:57:00,1920.0,1920.0,1920.0,1920.0,0.0,0.0,76.0,1920.0
MA104,2020/04/27,2020/04/27 13:57:00,2020/04/27 13:58:00,1920.0,1920.0,1920.0,1920.0,0.0,0.0,76.0,1920.0
MA104,2020/04/27,2020/04/27 13:58:00,2020/04/27 13:59:00,1920.0,1920.0,1920.0,1920.0,0.0,0.0,76.0,1920.0
MA104,2020/04/27,2020/04/27 13:59:00,2020/04/27 14:00:00,1920.0,1920.0,1920.0,1920.0,0.0,0.0,76.0,1920.0
MA104,2020/04/27,2020/04/27 14:00:00,2020/04/27 14:01:00,1920.0,1920.0,1920.0,1920.0,0.0,0.0,76.0,1920.0
MA104,2020/04/27,2020/04/27 14:01:00,2020/04/27 14:02:00,1920.0,1920.0,1920.0,1920.0,0.0,0.0,76.0,1920.0
MA104,2020/04/27,2020/04/27 14:02:00,2020/04/27 14:03:00,1920.0,1920.0,1920.0,1920.0,0.0,0.0,76.0,1920.0
MA104,2020/04/27,2020/04/27 14:03:00,2020/04/27 14:04:00,1920.0,1920.0,1920.0,1920.0,0.0,0.0,76.0,1920.0
MA104,2020/04/27,2020/04/27 14:04:00,2020/04/27 14:05:00,1920.0,1920.0,1920.0,1920.0,0.0,0.0,76.0,1920.0
MA104,2020/04/27,2020/04/27 14:05:00,2020/04/27 14:06:00,1920.0,1920.0,1920.0,1920.0,0.0,0.0,76.0,1920.0
MA104,2020/04/27,2020/04/27 14:06:00,2020/04/27 14:07:00,1920.0,1920.0,1920.0,1920.0,0.0,0.0,76.0,1920.0
MA104,2020/04/27,2020/04/27 14:07:00,2020/04/27 14:08:00,1920.0,1920.0,1920.0,1920.0,0.0,0.0,76.0,1920.0
MA104,2020/04/27,2020/04/27 14:08:00,2020/04/27 14:09:00,1920.0,1920.0,1920.0,1920.0,0.0,0.0,76.0,1920.0
MA104,2020/04/27,2020/04/27 14:09:00,2020/04/27 14:10:00,1920.0,1920.0,1920.0,1920.0,0.0,0.0,76.0,1920.0
MA104,2020/04/27,2020/04/27 14:10:00,2020/04/27 14:11:00,1920.0,1920.0,1920.0,1920.0,0.0,0.0,76.0,1920.0
MA104,2020/04/27,2020/04/27 14:11:00,2020/04/27 14:12:00,1920.0,1920.0,1920.0,1920.0,0.0,0.0,76.0,1920.0
MA104,2020/04/27,2020/04/27 14:12:00,2020/04/27 14:13:00,1920.0,1920.0,1920.0,1920.0,0.0,0.0,76.0,1920.0
MA104,2020/04/27,2020/04/27 14:13:00,2020/04/27 14:14:00,1920.0,1920.0,1920.0,1920.0,0.0,0.0,76.0,1920.0
MA104,2020/04/27,2020/04/27 14:14:00,2020/04/27 14:15:00,1920.0,1920.0,1920.0,1920.0,0.0,0.0,76.0,1920.0
MA104,2020/04/27,2020/04/27 14:15:00,2020/04/27 14:16:00,1920.0,1920.0,1920.0,1920.0,0.0,0.0,76.0,1920.0
MA104,2020/04/27,2020/04/27 14:16:00,2020/04/27 14:17:00,1920.0,1920.0,1920.0,1920.0,0.0,0.0,76.0,1920.0
MA104,2020/04/27,2020/04/27 14:17:00,2020/04/27 14:18:00,1920.0,1920.0,1920.0,1920.0,0.0,0.0,76.0,1920.0
MA104,2020/04/27,2020/04/27 14:18:00,2020/04/27 14:19:00,1920.0,1920.0,1920.0,1920.0,0.0,0.0,76.0,1920.0
MA104,2020/04/27,2020/04/27 14:19:00,2020/04/27 14:20:00,1920.0,1920.0,1920.0,1920.0,0.0,0.0,76.0,1920.0
MA104,2020/04/27,2020/04/27 14:20:00,2020/04/27 14:21:00,1920.0,1920.0,1920.0,1920.0,0.0,0.0,76.0,1920.0
MA104,2020/04/27,2020/04/27 14:21:00,2020/04/27 14:22:00,1920.0,1920.0,1920.0,1920.0,0.0,0.0,76.0,1920.0
MA104,2020/04/27,2020/04/27 14:22:00,2020/04/27 14:23:00,1920.0,1920.0,1920.0,1920.0,0.0,0.0,76.0,1920.0
MA104,2020/04/27,2020/04/27 14:23:00,2020/04/27 14:24:00,1920.0,1920.0,1920.0,1920.0,0.0,0.0,76.0,1920.0
MA104,2020/04/27,2020/04/27 14:24:00,2020/04/27 14:25:00,1920.0,1920.0,1920.0,1920.0,0.0,0.0,76.0,1920.0
MA104,2020/04/27,2020/04/27 14:25:00,2020/04/27 14:26:00,1920.0,1920.0,1920.0,1920.0,0.0,0.0,76.0,1920.0
MA104,2020/04/27,2020/04/27 14:26:00,2020/04/27 14:27:00,1920.0,1920.0,1920.0,1920.0,0.0,0.0,76.0,1920.0
MA104,2020/04/27,2020/04/27 14:27:00,2020/04/27 14:28:00,1920.0,1920.0,1920.0,1920.0,0.0,0.0,76.0,1920.0
MA104,2020/04/27,2020/04/27 14:28:00,2020/04/27 14:29:00,1920.0,1920.0,1920.0,1920.0,0.0,0.0,76.0,1920.0
MA104,2020/04/27,2020/04/27 14:29:00,2020/04/27 14:30:00,1872.0,1872.0,1872.0,1872.0,2.0,3744.0,78.0,1920.0
MA104,2020/04/27,2020/04/27 14:30:00,2020/04/27 14:31:00,1872.0,1872.0,1872.0,1872.0,0.0,0.0,78.0,1872.0
MA104,2020/04/27,2020/04/27 14:31:00,2020/04/27 14:32:00,1872.0,1872.0,1872.0,1872.0,0.0,0.0,78.0,1872.0
MA104,2020/04/27,2020/04/27 14:32:00,2020/04/27 14:33:00,1872.0,1872.0,1872.0,1872.0,0.0,0.0,78.0,1872.0
MA104,2020/04/27,2020/04/27 14:33:00,2020/04/27 14:34:00,1872.0,1872.0,1872.0,1872.0,0.0,0.0,78.0,1872.0
MA104,2020/04/27,2020/04/27 14:34:00,2020/04/27 14:35:00,1872.0,1872.0,1872.0,1872.0,0.0,0.0,78.0,1872.0
MA104,2020/04/27,2020/04/27 14:35:00,2020/04/27 14:36:00,1872.0,1872.0,1872.0,1872.0,0.0,0.0,78.0,1872.0
MA104,2020/04/27,2020/04/27 14:36:00,2020/04/27 14:37:00,1872.0,1872.0,1872.0,1872.0,0.0,0.0,78.0,1872.0
MA104,2020/04/27,2020/04/27 14:37:00,2020/04/27 14:38:00,1872.0,1872.0,1872.0,1872.0,0.0,0.0,78.0,1872.0
MA104,2020/04/27,2020/04/27 14:38:00,2020/04/27 14:39:00,1872.0,1872.0,1872.0,1872.0,0.0,0.0,78.0,1872.0
MA104,2020/04/27,2020/04/27 14:39:00,2020/04/27 14:40:00,1872.0,1872.0,1872.0,1872.0,0.0,0.0,78.0,1872.0
MA104,2020/04/27,2020/04/27 14:40:00,2020/04/27 14:41:00,1872.0,1872.0,1872.0,1872.0,0.0,0.0,78.0,1872.0
MA104,2020/04/27,2020/04/27 14:41:00,2020/04/27 14:42:00,1872.0,1872.0,1872.0,1872.0,0.0,0.0,78.0,1872.0
MA104,2020/04/27,2020/04/27 14:42:00,2020/04/27 14:43:00,1872.0,1872.0,1872.0,1872.0,0.0,0.0,78.0,1872.0
MA104,2020/04/27,2020/04/27 14:43:00,2020/04/27 14:44:00,1872.0,1872.0,1872.0,1872.0,0.0,0.0,78.0,1872.0
MA104,2020/04/27,2020/04/27 14:44:00,2020/04/27 14:45:00,1872.0,1872.0,1872.0,1872.0,0.0,0.0,78.0,1872.0
MA104,2020/04/27,2020/04/27 14:45:00,2020/04/27 14:46:00,1872.0,1872.0,1872.0,1872.0,0.0,0.0,78.0,1872.0
MA104,2020/04/27,2020/04/27 14:46:00,2020/04/27 14:47:00,1872.0,1872.0,1872.0,1872.0,0.0,0.0,78.0,1872.0
MA104,2020/04/27,2020/04/27 14:47:00,2020/04/27 14:48:00,1872.0,1872.0,1872.0,1872.0,0.0,0.0,78.0,1872.0
MA104,2020/04/27,2020/04/27 14:48:00,2020/04/27 14:49:00,1872.0,1872.0,1872.0,1872.0,0.0,0.0,78.0,1872.0
MA104,2020/04/27,2020/04/27 14:49:00,2020/04/27 14:50:00,1872.0,1872.0,1872.0,1872.0,0.0,0.0,78.0,1872.0
MA104,2020/04/27,2020/04/27 14:50:00,2020/04/27 14:51:00,1872.0,1872.0,1872.0,1872.0,0.0,0.0,78.0,1872.0
MA104,2020/04/27,2020/04/27 14:51:00,2020/04/27 14:52:00,1872.0,1872.0,1872.0,1872.0,0.0,0.0,78.0,1872.0
MA104,2020/04/27,2020/04/27 14:52:00,2020/04/27 14:53:00,1872.0,1872.0,1872.0,1872.0,0.0,0.0,78.0,1872.0
MA104,2020/04/27,2020/04/27 14:53:00,2020/04/27 14:54:00,1872.0,1872.0,1872.0,1872.0,0.0,0.0,78.0,1872.0
MA104,2020/04/27,2020/04/27 14:54:00,2020/04/27 14:55:00,1872.0,1872.0,1872.0,1872.0,0.0,0.0,78.0,1872.0
MA104,2020/04/27,2020/04/27 14:55:00,2020/04/27 14:56:00,1872.0,1872.0,1872.0,1872.0,0.0,0.0,78.0,1872.0
MA104,2020/04/27,2020/04/27 14:56:00,2020/04/27 14:57:00,1872.0,1872.0,1872.0,1872.0,0.0,0.0,78.0,1872.0
MA104,2020/04/27,2020/04/27 14:57:00,2020/04/27 14:58:00,1872.0,1872.0,1872.0,1872.0,0.0,0.0,78.0,1872.0
MA104,2020/04/27,2020/04/27 14:58:00,2020/04/27 14:59:00,1872.0,1872.0,1872.0,1872.0,0.0,0.0,78.0,1872.0
MA104,2020/04/27,2020/04/27 14:59:00,2020/04/27 14:59:46,1872.0,1872.0,1872.0,1872.0,0.0,0.0,78.0,1872.0
MA104,2020/04/28,2020/04/28 09:00:00,2020/04/28 09:01:00,1872.0,1872.0,1872.0,1872.0,0.0,0.0,78.0,1872.0
MA104,2020/04/28,2020/04/28 09:01:00,2020/04/28 09:02:00,1872.0,1872.0,1872.0,1872.0,0.0,0.0,78.0,1872.0
MA104,2020/04/28,2020/04/28 09:02:00,2020/04/28 09:03:00,1872.0,1872.0,1872.0,1872.0,0.0,0.0,78.0,1872.0
MA104,2020/04/28,2020/04/28 09:03:00,2020/04/28 09:04:00,1872.0,1872.0,1872.0,1872.0,0.0,0.0,78.0,1872.0
MA104,2020/04/28,2020/04/28 09:04:00,2020/04/28 09:05:00,1872.0,1872.0,1872.0,1872.0,0.0,0.0,78.0,1872.0
MA104,2020/04/28,2020/04/28 09:05:00,2020/04/28 09:06:00,1872.0,1872.0,1872.0,1872.0,0.0,0.0,78.0,1872.0
MA104,2020/04/28,2020/04/28 09:06:00,2020/04/28 09:07:00,1872.0,1872.0,1872.0,1872.0,0.0,0.0,78.0,1872.0
MA104,2020/04/28,2020/04/28 09:07:00,2020/04/28 09:08:00,1872.0,1872.0,1872.0,1872.0,0.0,0.0,78.0,1872.0
MA104,2020/04/28,2020/04/28 09:08:00,2020/04/28 09:09:00,1872.0,1872.0,1872.0,1872.0,0.0,0.0,78.0,1872.0
MA104,2020/04/28,2020/04/28 09:09:00,2020/04/28 09:10:00,1872.0,1872.0,1872.0,1872.0,0.0,0.0,78.0,1872.0
MA104,2020/04/28,2020/04/28 09:10:00,2020/04/28 09:11:00,1872.0,1872.0,1872.0,1872.0,0.0,0.0,78.0,1872.0
MA104,2020/04/28,2020/04/28 09:11:00,2020/04/28 09:12:00,1872.0,1872.0,1872.0,1872.0,0.0,0.0,78.0,1872.0
MA104,2020/04/28,2020/04/28 09:12:00,2020/04/28 09:13:00,1872.0,1872.0,1872.0,1872.0,0.0,0.0,78.0,1872.0
MA104,2020/04/28,2020/04/28 09:13:00,2020/04/28 09:14:00,1872.0,1872.0,1872.0,1872.0,0.0,0.0,78.0,1872.0
MA104,2020/04/28,2020/04/28 09:14:00,2020/04/28 09:15:00,1872.0,1872.0,1872.0,1872.0,0.0,0.0,78.0,1872.0
MA104,2020/04/28,2020/04/28 09:15:00,2020/04/28 09:16:00,1872.0,1872.0,1872.0,1872.0,0.0,0.0,78.0,1872.0
MA104,2020/04/28,2020/04/28 09:16:00,2020/04/28 09:17:00,1872.0,1872.0,1872.0,1872.0,0.0,0.0,78.0,1872.0
MA104,2020/04/28,2020/04/28 09:17:00,2020/04/28 09:18:00,1872.0,1872.0,1872.0,1872.0,0.0,0.0,78.0,1872.0
MA104,2020/04/28,2020/04/28 09:18:00,2020/04/28 09:19:00,1872.0,1872.0,1872.0,1872.0,0.0,0.0,78.0,1872.0
MA104,2020/04/28,2020/04/28 09:19:00,2020/04/28 09:20:00,1872.0,1872.0,1872.0,1872.0,0.0,0.0,78.0,1872.0
MA104,2020/04/28,2020/04/28 09:20:00,2020/04/28 09:21:00,1872.0,1872.0,1872.0,1872.0,0.0,0.0,78.0,1872.0
MA104,2020/04/28,2020/04/28 09:21:00,2020/04/28 09:22:00,1872.0,1872.0,1872.0,1872.0,0.0,0.0,78.0,1872.0
MA104,2020/04/28,2020/04/28 09:22:00,2020/04/28 09:23:00,1872.0,1872.0,1872.0,1872.0,0.0,0.0,78.0,1872.0
MA104,2020/04/28,2020/04/28 09:23:00,2020/04/28 09:24:00,1872.0,1872.0,1872.0,1872.0,0.0,0.0,78.0,1872.0
MA104,2020/04/28,2020/04/28 09:24:00,2020/04/28 09:25:00,1872.0,1872.0,1872.0,1872.0,0.0,0.0,78.0,1872.0
MA104,2020/04/28,2020/04/28 09:25:00,2020/04/28 09:26:00,1839.0,1839.0,1839.0,1839.0,1.0,1839.0,78.0,1872.0
MA104,2020/04/28,2020/04/28 09:26:00,2020/04/28 09:27:00,1839.0,1839.0,1839.0,1839.0,0.0,0.0,78.0,1839.0
MA104,2020/04/28,2020/04/28 09:27:00,2020/04/28 09:28:00,1839.0,1839.0,1839.0,1839.0,0.0,0.0,78.0,1839.0
MA104,2020/04/28,2020/04/28 09:28:00,2020/04/28 09:29:00,1839.0,1839.0,1839.0,1839.0,0.0,0.0,78.0,1839.0
MA104,2020/04/28,2020/04/28 09:29:00,2020/04/28 09:30:00,1839.0,1839.0,1839.0,1839.0,0.0,0.0,78.0,1839.0
MA104,2020/04/28,2020/04/28 09:30:00,2020/04/28 09:31:00,1839.0,1839.0,1839.0,1839.0,0.0,0.0,78.0,1839.0
MA104,2020/04/28,2020/04/28 09:31:00,2020/04/28 09:32:00,1839.0,1839.0,1839.0,1839.0,0.0,0.0,78.0,1839.0
MA104,2020/04/28,2020/04/28 09:32:00,2020/04/28 09:33:00,1839.0,1839.0,1839.0,1839.0,0.0,0.0,78.0,1839.0
MA104,2020/04/28,2020/04/28 09:33:00,2020/04/28 09:34:00,1839.0,1839.0,1839.0,1839.0,0.0,0.0,78.0,1839.0
MA104,2020/04/28,2020/04/28 09:34:00,2020/04/28 09:35:00,1839.0,1839.0,1839.0,1839.0,0.0,0.0,78.0,1839.0
MA104,2020/04/28,2020/04/28 09:35:00,2020/04/28 09:36:00,1839.0,1839.0,1839.0,1839.0,0.0,0.0,78.0,1839.0
MA104,2020/04/28,2020/04/28 09:36:00,2020/04/28 09:37:00,1839.0,1839.0,1839.0,1839.0,0.0,0.0,78.0,1839.0
MA104,2020/04/28,2020/04/28 09:37:00,2020/04/28 09:38:00,1839.0,1839.0,1839.0,1839.0,0.0,0.0,78.0,1839.0
MA104,2020/04/28,2020/04/28 09:38:00,2020/04/28 09:39:00,1839.0,1839.0,1839.0,1839.0,0.0,0.0,78.0,1839.0
MA104,2020/04/28,2020/04/28 09:39:00,2020/04/28 09:40:00,1839.0,1839.0,1839.0,1839.0,0.0,0.0,78.0,1839.0
MA104,2020/04/28,2020/04/28 09:40:00,2020/04/28 09:41:00,1839.0,1839.0,1839.0,1839.0,0.0,0.0,78.0,1839.0
MA104,2020/04/28,2020/04/28 09:41:00,2020/04/28 09:42:00,1839.0,1839.0,1839.0,1839.0,0.0,0.0,78.0,1839.0
MA104,2020/04/28,2020/04/28 09:42:00,2020/04/28 09:43:00,1839.0,1839.0,1839.0,1839.0,0.0,0.0,78.0,1839.0
MA104,2020/04/28,2020/04/28 09:43:00,2020/04/28 09:44:00,1839.0,1839.0,1839.0,1839.0,0.0,0.0,78.0,1839.0
MA104,2020/04/28,2020/04/28 09:44:00,2020/04/28 09:45:00,1839.0,1839.0,1839.0,1839.0,0.0,0.0,78.0,1839.0
MA104,2020/04/28,2020/04/28 09:45:00,2020/04/28 09:46:00,1839.0,1839.0,1839.0,1839.0,0.0,0.0,78.0,1839.0
MA104,2020/04/28,2020/04/28 09:46:00,2020/04/28 09:47:00,1839.0,1839.0,1839.0,1839.0,0.0,0.0,78.0,1839.0
MA104,2020/04/28,2020/04/28 09:47:00,2020/04/28 09:48:00,1839.0,1839.0,1839.0,1839.0,0.0,0.0,78.0,1839.0
MA104,2020/04/28,2020/04/28 09:48:00,2020/04/28 09:49:00,1839.0,1839.0,1839.0,1839.0,0.0,0.0,78.0,1839.0
MA104,2020/04/28,2020/04/28 09:49:00,2020/04/28 09:50:00,1839.0,1839.0,1839.0,1839.0,0.0,0.0,78.0,1839.0
MA104,2020/04/28,2020/04/28 09:50:00,2020/04/28 09:51:00,1839.0,1839.0,1839.0,1839.0,0.0,0.0,78.0,1839.0
MA104,2020/04/28,2020/04/28 09:51:00,2020/04/28 09:52:00,1839.0,1839.0,1839.0,1839.0,0.0,0.0,78.0,1839.0
MA104,2020/04/28,2020/04/28 09:52:00,2020/04/28 09:53:00,1839.0,1839.0,1839.0,1839.0,0.0,0.0,78.0,1839.0
MA104,2020/04/28,2020/04/28 09:53:00,2020/04/28 09:54:00,1839.0,1839.0,1839.0,1839.0,0.0,0.0,78.0,1839.0
MA104,2020/04/28,2020/04/28 09:54:00,2020/04/28 09:55:00,1839.0,1839.0,1839.0,1839.0,0.0,0.0,78.0,1839.0
MA104,2020/04/28,2020/04/28 09:55:00,2020/04/28 09:56:00,1839.0,1839.0,1839.0,1839.0,0.0,0.0,78.0,1839.0
MA104,2020/04/28,2020/04/28 09:56:00,2020/04/28 09:57:00,1839.0,1839.0,1839.0,1839.0,0.0,0.0,78.0,1839.0
MA104,2020/04/28,2020/04/28 09:57:00,2020/04/28 09:58:00,1839.0,1839.0,1839.0,1839.0,0.0,0.0,78.0,1839.0
MA104,2020/04/28,2020/04/28 09:58:00,2020/04/28 09:59:00,1839.0,1839.0,1839.0,1839.0,0.0,0.0,78.0,1839.0
MA104,2020/04/28,2020/04/28 09:59:00,2020/04/28 10:00:00,1839.0,1839.0,1839.0,1839.0,0.0,0.0,78.0,1839.0
MA104,2020/04/28,2020/04/28 10:00:00,2020/04/28 10:01:00,1839.0,1839.0,1839.0,1839.0,0.0,0.0,78.0,1839.0
MA104,2020/04/28,2020/04/28 10:01:00,2020/04/28 10:02:00,1839.0,1839.0,1839.0,1839.0,0.0,0.0,78.0,1839.0
MA104,2020/04/28,2020/04/28 10:02:00,2020/04/28 10:03:00,1839.0,1839.0,1839.0,1839.0,0.0,0.0,78.0,1839.0
MA104,2020/04/28,2020/04/28 10:03:00,2020/04/28 10:04:00,1839.0,1839.0,1839.0,1839.0,0.0,0.0,78.0,1839.0
MA104,2020/04/28,2020/04/28 10:04:00,2020/04/28 10:05:00,1839.0,1839.0,1839.0,1839.0,0.0,0.0,78.0,1839.0
MA104,2020/04/28,2020/04/28 10:05:00,2020/04/28 10:06:00,1839.0,1839.0,1839.0,1839.0,0.0,0.0,78.0,1839.0
MA104,2020/04/28,2020/04/28 10:06:00,2020/04/28 10:07:00,1839.0,1839.0,1839.0,1839.0,0.0,0.0,78.0,1839.0
MA104,2020/04/28,2020/04/28 10:07:00,2020/04/28 10:08:00,1839.0,1839.0,1839.0,1839.0,0.0,0.0,78.0,1839.0
MA104,2020/04/28,2020/04/28 10:08:00,2020/04/28 10:09:00,1839.0,1839.0,1839.0,1839.0,0.0,0.0,78.0,1839.0
MA104,2020/04/28,2020/04/28 10:09:00,2020/04/28 10:10:00,1839.0,1839.0,1839.0,1839.0,0.0,0.0,78.0,1839.0
MA104,2020/04/28,2020/04/28 10:10:00,2020/04/28 10:11:00,1839.0,1839.0,1839.0,1839.0,0.0,0.0,78.0,1839.0
MA104,2020/04/28,2020/04/28 10:11:00,2020/04/28 10:12:00,1839.0,1839.0,1839.0,1839.0,0.0,0.0,78.0,1839.0
MA104,2020/04/28,2020/04/28 10:12:00,2020/04/28 10:13:00,1839.0,1839.0,1839.0,1839.0,0.0,0.0,78.0,1839.0
MA104,2020/04/28,2020/04/28 10:13:00,2020/04/28 10:14:00,1839.0,1839.0,1839.0,1839.0,0.0,0.0,78.0,1839.0
MA104,2020/04/28,2020/04/28 10:14:00,2020/04/28 10:15:00,1839.0,1839.0,1839.0,1839.0,0.0,0.0,78.0,1839.0
MA104,2020/04/28,2020/04/28 10:30:00,2020/04/28 10:31:00,1839.0,1839.0,1839.0,1839.0,0.0,0.0,78.0,1839.0
MA104,2020/04/28,2020/04/28 10:31:00,2020/04/28 10:32:00,1839.0,1839.0,1839.0,1839.0,0.0,0.0,78.0,1839.0
MA104,2020/04/28,2020/04/28 10:32:00,2020/04/28 10:33:00,1839.0,1839.0,1839.0,1839.0,0.0,0.0,78.0,1839.0
MA104,2020/04/28,2020/04/28 10:33:00,2020/04/28 10:34:00,1839.0,1839.0,1839.0,1839.0,0.0,0.0,78.0,1839.0
MA104,2020/04/28,2020/04/28 10:34:00,2020/04/28 10:35:00,1839.0,1839.0,1839.0,1839.0,0.0,0.0,78.0,1839.0
MA104,2020/04/28,2020/04/28 10:35:00,2020/04/28 10:36:00,1839.0,1839.0,1839.0,1839.0,0.0,0.0,78.0,1839.0
MA104,2020/04/28,2020/04/28 10:36:00,2020/04/28 10:37:00,1839.0,1839.0,1839.0,1839.0,0.0,0.0,78.0,1839.0
MA104,2020/04/28,2020/04/28 10:37:00,2020/04/28 10:38:00,1839.0,1839.0,1839.0,1839.0,0.0,0.0,78.0,1839.0
MA104,2020/04/28,2020/04/28 10:38:00,2020/04/28 10:39:00,1839.0,1839.0,1839.0,1839.0,0.0,0.0,78.0,1839.0
MA104,2020/04/28,2020/04/28 10:39:00,2020/04/28 10:40:00,1839.0,1839.0,1839.0,1839.0,0.0,0.0,78.0,1839.0
MA104,2020/04/28,2020/04/28 10:40:00,2020/04/28 10:41:00,1839.0,1839.0,1839.0,1839.0,0.0,0.0,78.0,1839.0
MA104,2020/04/28,2020/04/28 10:41:00,2020/04/28 10:42:00,1839.0,1839.0,1839.0,1839.0,0.0,0.0,78.0,1839.0
MA104,2020/04/28,2020/04/28 10:42:00,2020/04/28 10:43:00,1839.0,1839.0,1839.0,1839.0,0.0,0.0,78.0,1839.0
MA104,2020/04/28,2020/04/28 10:43:00,2020/04/28 10:44:00,1839.0,1839.0,1839.0,1839.0,0.0,0.0,78.0,1839.0
MA104,2020/04/28,2020/04/28 10:44:00,2020/04/28 10:45:00,1839.0,1839.0,1839.0,1839.0,0.0,0.0,78.0,1839.0
MA104,2020/04/28,2020/04/28 10:45:00,2020/04/28 10:46:00,1839.0,1839.0,1839.0,1839.0,0.0,0.0,78.0,1839.0
MA104,2020/04/28,2020/04/28 10:46:00,2020/04/28 10:47:00,1839.0,1839.0,1839.0,1839.0,0.0,0.0,78.0,1839.0
MA104,2020/04/28,2020/04/28 10:47:00,2020/04/28 10:48:00,1839.0,1839.0,1839.0,1839.0,0.0,0.0,78.0,1839.0
MA104,2020/04/28,2020/04/28 10:48:00,2020/04/28 10:49:00,1839.0,1839.0,1839.0,1839.0,0.0,0.0,78.0,1839.0
MA104,2020/04/28,2020/04/28 10:49:00,2020/04/28 10:50:00,1839.0,1839.0,1839.0,1839.0,0.0,0.0,78.0,1839.0
MA104,2020/04/28,2020/04/28 10:50:00,2020/04/28 10:51:00,1839.0,1839.0,1839.0,1839.0,0.0,0.0,78.0,1839.0
MA104,2020/04/28,2020/04/28 10:51:00,2020/04/28 10:52:00,1839.0,1839.0,1839.0,1839.0,0.0,0.0,78.0,1839.0
MA104,2020/04/28,2020/04/28 10:52:00,2020/04/28 10:53:00,1839.0,1839.0,1839.0,1839.0,0.0,0.0,78.0,1839.0
MA104,2020/04/28,2020/04/28 10:53:00,2020/04/28 10:54:00,1839.0,1839.0,1839.0,1839.0,0.0,0.0,78.0,1839.0
MA104,2020/04/28,2020/04/28 10:54:00,2020/04/28 10:55:00,1839.0,1839.0,1839.0,1839.0,0.0,0.0,78.0,1839.0
MA104,2020/04/28,2020/04/28 10:55:00,2020/04/28 10:56:00,1839.0,1839.0,1839.0,1839.0,0.0,0.0,78.0,1839.0
MA104,2020/04/28,2020/04/28 10:56:00,2020/04/28 10:57:00,1839.0,1839.0,1839.0,1839.0,0.0,0.0,78.0,1839.0
MA104,2020/04/28,2020/04/28 10:57:00,2020/04/28 10:58:00,1839.0,1839.0,1839.0,1839.0,0.0,0.0,78.0,1839.0
MA104,2020/04/28,2020/04/28 10:58:00,2020/04/28 10:59:00,1839.0,1839.0,1839.0,1839.0,0.0,0.0,78.0,1839.0
MA104,2020/04/28,2020/04/28 10:59:00,2020/04/28 11:00:00,1839.0,1839.0,1839.0,1839.0,0.0,0.0,78.0,1839.0
MA104,2020/04/28,2020/04/28 11:00:00,2020/04/28 11:01:00,1839.0,1839.0,1839.0,1839.0,0.0,0.0,78.0,1839.0
MA104,2020/04/28,2020/04/28 11:01:00,2020/04/28 11:02:00,1854.0,1854.0,1854.0,1854.0,2.0,3708.0,76.0,1839.0
MA104,2020/04/28,2020/04/28 11:02:00,2020/04/28 11:03:00,1854.0,1854.0,1854.0,1854.0,0.0,0.0,76.0,1854.0
MA104,2020/04/28,2020/04/28 11:03:00,2020/04/28 11:04:00,1854.0,1854.0,1854.0,1854.0,0.0,0.0,76.0,1854.0
MA104,2020/04/28,2020/04/28 11:04:00,2020/04/28 11:05:00,1854.0,1854.0,1854.0,1854.0,0.0,0.0,76.0,1854.0
MA104,2020/04/28,2020/04/28 11:05:00,2020/04/28 11:06:00,1854.0,1854.0,1854.0,1854.0,0.0,0.0,76.0,1854.0
MA104,2020/04/28,2020/04/28 11:06:00,2020/04/28 11:07:00,1854.0,1854.0,1854.0,1854.0,0.0,0.0,76.0,1854.0
MA104,2020/04/28,2020/04/28 11:07:00,2020/04/28 11:08:00,1854.0,1854.0,1854.0,1854.0,0.0,0.0,76.0,1854.0
MA104,2020/04/28,2020/04/28 11:08:00,2020/04/28 11:09:00,1854.0,1854.0,1854.0,1854.0,0.0,0.0,76.0,1854.0
MA104,2020/04/28,2020/04/28 11:09:00,2020/04/28 11:10:00,1854.0,1854.0,1854.0,1854.0,0.0,0.0,76.0,1854.0
MA104,2020/04/28,2020/04/28 11:10:00,2020/04/28 11:11:00,1854.0,1854.0,1854.0,1854.0,0.0,0.0,76.0,1854.0
MA104,2020/04/28,2020/04/28 11:11:00,2020/04/28 11:12:00,1854.0,1854.0,1854.0,1854.0,0.0,0.0,76.0,1854.0
MA104,2020/04/28,2020/04/28 11:12:00,2020/04/28 11:13:00,1854.0,1854.0,1854.0,1854.0,0.0,0.0,76.0,1854.0
MA104,2020/04/28,2020/04/28 11:13:00,2020/04/28 11:14:00,1854.0,1854.0,1854.0,1854.0,0.0,0.0,76.0,1854.0
MA104,2020/04/28,2020/04/28 11:14:00,2020/04/28 11:15:00,1854.0,1854.0,1854.0,1854.0,0.0,0.0,76.0,1854.0
MA104,2020/04/28,2020/04/28 11:15:00,2020/04/28 11:16:00,1854.0,1854.0,1854.0,1854.0,0.0,0.0,76.0,1854.0
MA104,2020/04/28,2020/04/28 11:16:00,2020/04/28 11:17:00,1854.0,1854.0,1854.0,1854.0,0.0,0.0,76.0,1854.0
MA104,2020/04/28,2020/04/28 11:17:00,2020/04/28 11:18:00,1854.0,1854.0,1854.0,1854.0,0.0,0.0,76.0,1854.0
MA104,2020/04/28,2020/04/28 11:18:00,2020/04/28 11:19:00,1854.0,1854.0,1854.0,1854.0,0.0,0.0,76.0,1854.0
MA104,2020/04/28,2020/04/28 11:19:00,2020/04/28 11:20:00,1854.0,1854.0,1854.0,1854.0,0.0,0.0,76.0,1854.0
MA104,2020/04/28,2020/04/28 11:20:00,2020/04/28 11:21:00,1854.0,1854.0,1854.0,1854.0,0.0,0.0,76.0,1854.0
MA104,2020/04/28,2020/04/28 11:21:00,2020/04/28 11:22:00,1854.0,1854.0,1854.0,1854.0,0.0,0.0,76.0,1854.0
MA104,2020/04/28,2020/04/28 11:22:00,2020/04/28 11:23:00,1854.0,1854.0,1854.0,1854.0,0.0,0.0,76.0,1854.0
MA104,2020/04/28,2020/04/28 11:23:00,2020/04/28 11:24:00,1854.0,1854.0,1854.0,1854.0,0.0,0.0,76.0,1854.0
MA104,2020/04/28,2020/04/28 11:24:00,2020/04/28 11:25:00,1854.0,1854.0,1854.0,1854.0,0.0,0.0,76.0,1854.0
MA104,2020/04/28,2020/04/28 11:25:00,2020/04/28 11:26:00,1854.0,1854.0,1854.0,1854.0,0.0,0.0,76.0,1854.0
MA104,2020/04/28,2020/04/28 11:26:00,2020/04/28 11:27:00,1854.0,1854.0,1854.0,1854.0,0.0,0.0,76.0,1854.0
MA104,2020/04/28,2020/04/28 11:27:00,2020/04/28 11:28:00,1854.0,1854.0,1854.0,1854.0,0.0,0.0,76.0,1854.0
MA104,2020/04/28,2020/04/28 11:28:00,2020/04/28 11:29:00,1854.0,1854.0,1854.0,1854.0,0.0,0.0,76.0,1854.0
MA104,2020/04/28,2020/04/28 11:29:00,2020/04/28 11:30:00,1854.0,1854.0,1854.0,1854.0,0.0,0.0,76.0,1854.0
MA104,2020/04/28,2020/04/28 13:30:00,2020/04/28 13:31:00,1854.0,1854.0,1854.0,1854.0,0.0,0.0,76.0,1854.0
MA104,2020/04/28,2020/04/28 13:31:00,2020/04/28 13:32:00,1854.0,1854.0,1854.0,1854.0,0.0,0.0,76.0,1854.0
MA104,2020/04/28,2020/04/28 13:32:00,2020/04/28 13:33:00,1854.0,1854.0,1854.0,1854.0,0.0,0.0,76.0,1854.0
MA104,2020/04/28,2020/04/28 13:33:00,2020/04/28 13:34:00,1854.0,1854.0,1854.0,1854.0,0.0,0.0,76.0,1854.0
MA104,2020/04/28,2020/04/28 13:34:00,2020/04/28 13:35:00,1854.0,1854.0,1854.0,1854.0,0.0,0.0,76.0,1854.0
MA104,2020/04/28,2020/04/28 13:35:00,2020/04/28 13:36:00,1854.0,1854.0,1854.0,1854.0,0.0,0.0,76.0,1854.0
MA104,2020/04/28,2020/04/28 13:36:00,2020/04/28 13:37:00,1854.0,1854.0,1854.0,1854.0,0.0,0.0,76.0,1854.0
MA104,2020/04/28,2020/04/28 13:37:00,2020/04/28 13:38:00,1854.0,1854.0,1854.0,1854.0,0.0,0.0,76.0,1854.0
MA104,2020/04/28,2020/04/28 13:38:00,2020/04/28 13:39:00,1854.0,1854.0,1854.0,1854.0,0.0,0.0,76.0,1854.0
MA104,2020/04/28,2020/04/28 13:39:00,2020/04/28 13:40:00,1854.0,1854.0,1854.0,1854.0,0.0,0.0,76.0,1854.0
MA104,2020/04/28,2020/04/28 13:40:00,2020/04/28 13:41:00,1854.0,1854.0,1854.0,1854.0,0.0,0.0,76.0,1854.0
MA104,2020/04/28,2020/04/28 13:41:00,2020/04/28 13:42:00,1854.0,1854.0,1854.0,1854.0,0.0,0.0,76.0,1854.0
MA104,2020/04/28,2020/04/28 13:42:00,2020/04/28 13:43:00,1854.0,1854.0,1854.0,1854.0,0.0,0.0,76.0,1854.0
MA104,2020/04/28,2020/04/28 13:43:00,2020/04/28 13:44:00,1854.0,1854.0,1854.0,1854.0,0.0,0.0,76.0,1854.0
MA104,2020/04/28,2020/04/28 13:44:00,2020/04/28 13:45:00,1854.0,1854.0,1854.0,1854.0,0.0,0.0,76.0,1854.0
MA104,2020/04/28,2020/04/28 13:45:00,2020/04/28 13:46:00,1854.0,1854.0,1854.0,1854.0,0.0,0.0,76.0,1854.0
MA104,2020/04/28,2020/04/28 13:46:00,2020/04/28 13:47:00,1854.0,1854.0,1854.0,1854.0,0.0,0.0,76.0,1854.0
MA104,2020/04/28,2020/04/28 13:47:00,2020/04/28 13:48:00,1854.0,1854.0,1854.0,1854.0,0.0,0.0,76.0,1854.0
MA104,2020/04/28,2020/04/28 13:48:00,2020/04/28 13:49:00,1854.0,1854.0,1854.0,1854.0,0.0,0.0,76.0,1854.0
MA104,2020/04/28,2020/04/28 13:49:00,2020/04/28 13:50:00,1854.0,1854.0,1854.0,1854.0,0.0,0.0,76.0,1854.0
MA104,2020/04/28,2020/04/28 13:50:00,2020/04/28 13:51:00,1854.0,1854.0,1854.0,1854.0,0.0,0.0,76.0,1854.0
MA104,2020/04/28,2020/04/28 13:51:00,2020/04/28 13:52:00,1854.0,1854.0,1854.0,1854.0,0.0,0.0,76.0,1854.0
MA104,2020/04/28,2020/04/28 13:52:00,2020/04/28 13:53:00,1854.0,1854.0,1854.0,1854.0,0.0,0.0,76.0,1854.0
MA104,2020/04/28,2020/04/28 13:53:00,2020/04/28 13:54:00,1854.0,1854.0,1854.0,1854.0,0.0,0.0,76.0,1854.0
MA104,2020/04/28,2020/04/28 13:54:00,2020/04/28 13:55:00,1854.0,1854.0,1854.0,1854.0,0.0,0.0,76.0,1854.0
MA104,2020/04/28,2020/04/28 13:55:00,2020/04/28 13:56:00,1854.0,1854.0,1854.0,1854.0,0.0,0.0,76.0,1854.0
MA104,2020/04/28,2020/04/28 13:56:00,2020/04/28 13:57:00,1854.0,1854.0,1854.0,1854.0,0.0,0.0,76.0,1854.0
MA104,2020/04/28,2020/04/28 13:57:00,2020/04/28 13:58:00,1854.0,1854.0,1854.0,1854.0,0.0,0.0,76.0,1854.0
MA104,2020/04/28,2020/04/28 13:58:00,2020/04/28 13:59:00,1854.0,1854.0,1854.0,1854.0,0.0,0.0,76.0,1854.0
MA104,2020/04/28,2020/04/28 13:59:00,2020/04/28 14:00:00,1854.0,1854.0,1854.0,1854.0,0.0,0.0,76.0,1854.0
MA104,2020/04/28,2020/04/28 14:00:00,2020/04/28 14:01:00,1854.0,1854.0,1854.0,1854.0,0.0,0.0,76.0,1854.0
MA104,2020/04/28,2020/04/28 14:01:00,2020/04/28 14:02:00,1854.0,1854.0,1854.0,1854.0,0.0,0.0,76.0,1854.0
MA104,2020/04/28,2020/04/28 14:02:00,2020/04/28 14:03:00,1854.0,1854.0,1854.0,1854.0,0.0,0.0,76.0,1854.0
MA104,2020/04/28,2020/04/28 14:03:00,2020/04/28 14:04:00,1854.0,1854.0,1854.0,1854.0,0.0,0.0,76.0,1854.0
MA104,2020/04/28,2020/04/28 14:04:00,2020/04/28 14:05:00,1854.0,1854.0,1854.0,1854.0,0.0,0.0,76.0,1854.0
MA104,2020/04/28,2020/04/28 14:05:00,2020/04/28 14:06:00,1854.0,1854.0,1854.0,1854.0,0.0,0.0,76.0,1854.0
MA104,2020/04/28,2020/04/28 14:06:00,2020/04/28 14:07:00,1854.0,1854.0,1854.0,1854.0,0.0,0.0,76.0,1854.0
MA104,2020/04/28,2020/04/28 14:07:00,2020/04/28 14:08:00,1854.0,1854.0,1854.0,1854.0,0.0,0.0,76.0,1854.0
MA104,2020/04/28,2020/04/28 14:08:00,2020/04/28 14:09:00,1854.0,1854.0,1854.0,1854.0,0.0,0.0,76.0,1854.0
MA104,2020/04/28,2020/04/28 14:09:00,2020/04/28 14:10:00,1854.0,1854.0,1854.0,1854.0,0.0,0.0,76.0,1854.0
MA104,2020/04/28,2020/04/28 14:10:00,2020/04/28 14:11:00,1854.0,1854.0,1854.0,1854.0,0.0,0.0,76.0,1854.0
MA104,2020/04/28,2020/04/28 14:11:00,2020/04/28 14:12:00,1854.0,1854.0,1854.0,1854.0,0.0,0.0,76.0,1854.0
MA104,2020/04/28,2020/04/28 14:12:00,2020/04/28 14:13:00,1854.0,1854.0,1854.0,1854.0,0.0,0.0,76.0,1854.0
MA104,2020/04/28,2020/04/28 14:13:00,2020/04/28 14:14:00,1854.0,1854.0,1854.0,1854.0,0.0,0.0,76.0,1854.0
MA104,2020/04/28,2020/04/28 14:14:00,2020/04/28 14:15:00,1854.0,1854.0,1854.0,1854.0,0.0,0.0,76.0,1854.0
MA104,2020/04/28,2020/04/28 14:15:00,2020/04/28 14:16:00,1854.0,1854.0,1854.0,1854.0,0.0,0.0,76.0,1854.0
MA104,2020/04/28,2020/04/28 14:16:00,2020/04/28 14:17:00,1854.0,1854.0,1854.0,1854.0,0.0,0.0,76.0,1854.0
MA104,2020/04/28,2020/04/28 14:17:00,2020/04/28 14:18:00,1854.0,1854.0,1854.0,1854.0,0.0,0.0,76.0,1854.0
MA104,2020/04/28,2020/04/28 14:18:00,2020/04/28 14:19:00,1854.0,1854.0,1854.0,1854.0,0.0,0.0,76.0,1854.0
MA104,2020/04/28,2020/04/28 14:19:00,2020/04/28 14:20:00,1854.0,1854.0,1854.0,1854.0,0.0,0.0,76.0,1854.0
MA104,2020/04/28,2020/04/28 14:20:00,2020/04/28 14:21:00,1854.0,1854.0,1854.0,1854.0,0.0,0.0,76.0,1854.0
MA104,2020/04/28,2020/04/28 14:21:00,2020/04/28 14:22:00,1854.0,1854.0,1854.0,1854.0,0.0,0.0,76.0,1854.0
MA104,2020/04/28,2020/04/28 14:22:00,2020/04/28 14:23:00,1854.0,1854.0,1854.0,1854.0,0.0,0.0,76.0,1854.0
MA104,2020/04/28,2020/04/28 14:23:00,2020/04/28 14:24:00,1854.0,1854.0,1854.0,1854.0,0.0,0.0,76.0,1854.0
MA104,2020/04/28,2020/04/28 14:24:00,2020/04/28 14:25:00,1854.0,1854.0,1854.0,1854.0,0.0,0.0,76.0,1854.0
MA104,2020/04/28,2020/04/28 14:25:00,2020/04/28 14:26:00,1854.0,1854.0,1854.0,1854.0,0.0,0.0,76.0,1854.0
MA104,2020/04/28,2020/04/28 14:26:00,2020/04/28 14:27:00,1854.0,1854.0,1854.0,1854.0,0.0,0.0,76.0,1854.0
MA104,2020/04/28,2020/04/28 14:27:00,2020/04/28 14:28:00,1854.0,1854.0,1854.0,1854.0,0.0,0.0,76.0,1854.0
MA104,2020/04/28,2020/04/28 14:28:00,2020/04/28 14:29:00,1854.0,1854.0,1854.0,1854.0,0.0,0.0,76.0,1854.0
MA104,2020/04/28,2020/04/28 14:29:00,2020/04/28 14:30:00,1854.0,1854.0,1854.0,1854.0,0.0,0.0,76.0,1854.0
MA104,2020/04/28,2020/04/28 14:30:00,2020/04/28 14:31:00,1854.0,1854.0,1854.0,1854.0,0.0,0.0,76.0,1854.0
MA104,2020/04/28,2020/04/28 14:31:00,2020/04/28 14:32:00,1854.0,1854.0,1854.0,1854.0,0.0,0.0,76.0,1854.0
MA104,2020/04/28,2020/04/28 14:32:00,2020/04/28 14:33:00,1854.0,1854.0,1854.0,1854.0,0.0,0.0,76.0,1854.0
MA104,2020/04/28,2020/04/28 14:33:00,2020/04/28 14:34:00,1854.0,1854.0,1854.0,1854.0,0.0,0.0,76.0,1854.0
MA104,2020/04/28,2020/04/28 14:34:00,2020/04/28 14:35:00,1854.0,1854.0,1854.0,1854.0,0.0,0.0,76.0,1854.0
MA104,2020/04/28,2020/04/28 14:35:00,2020/04/28 14:36:00,1854.0,1854.0,1854.0,1854.0,0.0,0.0,76.0,1854.0
MA104,2020/04/28,2020/04/28 14:36:00,2020/04/28 14:37:00,1854.0,1854.0,1854.0,1854.0,0.0,0.0,76.0,1854.0
MA104,2020/04/28,2020/04/28 14:37:00,2020/04/28 14:38:00,1854.0,1854.0,1854.0,1854.0,0.0,0.0,76.0,1854.0
MA104,2020/04/28,2020/04/28 14:38:00,2020/04/28 14:39:00,1854.0,1854.0,1854.0,1854.0,0.0,0.0,76.0,1854.0
MA104,2020/04/28,2020/04/28 14:39:00,2020/04/28 14:40:00,1854.0,1854.0,1854.0,1854.0,0.0,0.0,76.0,1854.0
MA104,2020/04/28,2020/04/28 14:40:00,2020/04/28 14:41:00,1854.0,1854.0,1854.0,1854.0,0.0,0.0,76.0,1854.0
MA104,2020/04/28,2020/04/28 14:41:00,2020/04/28 14:42:00,1854.0,1854.0,1854.0,1854.0,0.0,0.0,76.0,1854.0
MA104,2020/04/28,2020/04/28 14:42:00,2020/04/28 14:43:00,1854.0,1854.0,1854.0,1854.0,0.0,0.0,76.0,1854.0
MA104,2020/04/28,2020/04/28 14:43:00,2020/04/28 14:44:00,1854.0,1854.0,1854.0,1854.0,0.0,0.0,76.0,1854.0
MA104,2020/04/28,2020/04/28 14:44:00,2020/04/28 14:45:00,1854.0,1854.0,1854.0,1854.0,0.0,0.0,76.0,1854.0
MA104,2020/04/28,2020/04/28 14:45:00,2020/04/28 14:46:00,1854.0,1854.0,1854.0,1854.0,0.0,0.0,76.0,1854.0
MA104,2020/04/28,2020/04/28 14:46:00,2020/04/28 14:47:00,1854.0,1854.0,1854.0,1854.0,0.0,0.0,76.0,1854.0
MA104,2020/04/28,2020/04/28 14:47:00,2020/04/28 14:48:00,1854.0,1854.0,1854.0,1854.0,0.0,0.0,76.0,1854.0
MA104,2020/04/28,2020/04/28 14:48:00,2020/04/28 14:49:00,1854.0,1854.0,1854.0,1854.0,0.0,0.0,76.0,1854.0
MA104,2020/04/28,2020/04/28 14:49:00,2020/04/28 14:50:00,1854.0,1854.0,1854.0,1854.0,0.0,0.0,76.0,1854.0
MA104,2020/04/28,2020/04/28 14:50:00,2020/04/28 14:51:00,1854.0,1854.0,1854.0,1854.0,0.0,0.0,76.0,1854.0
MA104,2020/04/28,2020/04/28 14:51:00,2020/04/28 14:52:00,1854.0,1854.0,1854.0,1854.0,0.0,0.0,76.0,1854.0
MA104,2020/04/28,2020/04/28 14:52:00,2020/04/28 14:53:00,1854.0,1854.0,1854.0,1854.0,0.0,0.0,76.0,1854.0
MA104,2020/04/28,2020/04/28 14:53:00,2020/04/28 14:54:00,1854.0,1854.0,1854.0,1854.0,0.0,0.0,76.0,1854.0
MA104,2020/04/28,2020/04/28 14:54:00,2020/04/28 14:55:00,1854.0,1854.0,1854.0,1854.0,0.0,0.0,76.0,1854.0
MA104,2020/04/28,2020/04/28 14:55:00,2020/04/28 14:56:00,1854.0,1854.0,1854.0,1854.0,0.0,0.0,76.0,1854.0
MA104,2020/04/28,2020/04/28 14:56:00,2020/04/28 14:57:00,1854.0,1854.0,1854.0,1854.0,0.0,0.0,76.0,1854.0
MA104,2020/04/28,2020/04/28 14:57:00,2020/04/28 14:58:00,1854.0,1854.0,1854.0,1854.0,0.0,0.0,76.0,1854.0
MA104,2020/04/28,2020/04/28 14:58:00,2020/04/28 14:59:00,1854.0,1854.0,1854.0,1854.0,0.0,0.0,76.0,1854.0
MA104,2020/04/28,2020/04/28 14:59:00,2020/04/28 14:59:56,1854.0,1854.0,1854.0,1854.0,0.0,0.0,76.0,1854.0
